,text
0,"Y si mejor arreglan los hospitales? Ponen mas camas por que nunca hay, dan medicamentos e insumos?"
1,Mejor que pongan botes de basura por todo reforma
2,Sin mantenimiento estarán en cuanto acabe el mundial
3,Dinero desperdiciado
4,y los medicamentos en insumos en los hospitales para cuando?
5,"esos baños deberian estar en el metro, no saben la falta que hacen"
6,para que después huela horrible
7,Baños? yo veo hoteles
8,"Lástima que una vez que se acabe el mundial, ni mantenimiento tendrán"
9,Nmmn arreglen el sistema de drenaje q se tapa bien feo xd
10,Antes de que arranque el mundial ya no sirven
11,Solo por el mundial
12,me avisan como quedan después del mundial
13,Es un gasto innecesario para la capital ....apuesto que pasa el mundial y los van a cerrar... y jamás van a estar en funcionamiento...!!!
14,"Recuerden mis palabras: ""Después del mundial, no van a funcionar regularmente""."
15,Mejor q arreglen los elevadores y las escaleras Eléctricas del metro y metrobus
16,"[Sticker] como dice la señora , solo va a ser por el mundial , después hasta van a cobrar"
17,"Baños que estarán cerrados después del mundial, y en un año estarán inutilizables"
18,Están construyendo baños para el mundial pero no arreglan los baches o las fugas de agua de hay en la cuidad
19,que pena da que su preoridad sea poner sanitarios que insumos y medicamentos en los hospitales
20,Y si ponen más seguridad ?
21,"Los hubieran puesto 1 dia antes, la gente no cuida nada, a ver como quedan después"
22,todo nos molesta... pero pues a las personas que circulan por ahí pues van a favorecer... y lo del mantenimiento no se necesitaría si uno como persona lo ocupa de forma correcta esto no es culpa del gobierno
23,están buenos para el cruising
24,Porque no ponen botes de basura en toda la ciudad y arreglen todos los el pavimento y tuberías de agua
25,y si mejor lo cancelan ?
26,Como los baños de la línea 12 que están clausurados?
27,solo es para el mundial ya después o los quitan o ya no sirven
28,nada les parece los baños públicos son útiles en todos lados A mí me ha pasado que tengo la urgencia de hacer mis necesidades como todo el mundo y no hay ni dónde ya ahí anda uno buscando una gasolinera o algún lugar en donde se pueda hacer sus necesidades y no hay ninguno
29,Ni un año les doy
30,[Sticker] En eso gastan los impuestos ?
31,El peor gobierno de la historia de México
32,"Si los gobiernos realmente hicieran buen uso de nuestros impuestos, este sería un metro digno para el mundial y no esas ridículeses."
33,"Está bien ambientado, en los 1800 quien tenía buen drenaje ?"
34,"No entiendo por qué, querer aparentar algo que no tenemos ni somos, era mil veces mejor darle mantenimiento funcional y que los turistas y obvio los que realmente usan este transporte a diario tuvieran un buen servicio"
35,mañana lo pintan de morado
36,"Exacto, el peor gobierno que he vivido."
37,"que buena observación, entonces que cierre el metro el tiempo necesario para que arreglen todo y los usuarios empiecen a pagar sus taxis"
38,"Jajaja Dios quiera que llueva en los partidos del mundial, para que mundo se dé cuenta de lo que vivimos diario entre tráfico, inundaciones y goteras"
39,Cuantos millones costarían esos candelabros de temu?
40,"ningún chile les embona , que si está en reparación que si esto que si el otro que por qué mejor no lo cierran que por qué lo cierran , sabes realmente que el metro jamás puede parar su servicio ya que es el trasporte de millones de personas y el darle un mantenimiento muy profundo requiere de mucho tiempo ahora el metro está fuera de servicio desde las 0:00 hasta las 05:00 am en 5 horas diarias es imposible dar mtt muy profundo"
41,por 5 pesos que esperas que te den una botella de agua y un aperitivo
42,Esos candelabros son para que nos teletransportemos como en Harry Potter.
43,"en un vídeo anterior decían que nada nos embona...y no es eso,es el hecho de que hay cosas que son necesarias y no son atendidas!!! Es querer aparentar algo que no"
44,"TANTO DINERO QUE DEJA EL METRO A DIARIO y NADA DE MANTEMIENTO, VAMOS BIEN!!!"
45,la neta si da vergüenza
46,Si investigaras por que pasa eso y por que es casi imposible eliminar las goteras de los metros y digo metros por que pasa en todo el mundo
47,jajaja eso también lo invento tv azteca jajaja
48,"Yo no entiendo ¿por qué subes esto? es obvio que lo van a arreglar, ni modo que se quede así..."
49,Todo ese gasto debería haber servido para darle mantenimiento a las vías férreas del metro
50,Son las bajadas de las cascadas que pondran dentro del metro
51,"no hay prioridades, solo maquillando para que se vea bonito pero de fondo o no sirve o se está cayendo, ejemplo mega farmacia, tren Maya, aeropuerto y podemos seguirle"
52,solamente arreglan por encimita cuando toda la estructura ya está a punto de colapsar
53,[Sticker] yo ayer en la estación hidalgo esperando el metro viendo como goteaba el techo
54,los candelabros...de la época de Porfirio Díaz
55,"Tanta deficiencia en el servicio de transporte que creo que los mismos usuarios están concientes ya que se debe aplicar el costo real al ""boleto"""
56,yo creo que si pintan de morado las goteras se soluciona
57,[Sticker] Nada les embona
58,nada les embona
59,Esas filtraciones es por el trafico diario de la ciudad lo único que hicieron fue remodelarlos acabados TU narrativa fuera de contexto
60,"En Europa ya hay de esos, si, se pudo ocupar en otros factores, pero a la larga si lo podremos aprovechar, en paris y Berlín hay y se limpian solos, creo que sencillamente no sabemos cómo sirven, pero si ayudan, y no, no son gratuitos"
61,se están gastando más dinero por hacerlo a las prisas que si bien hubieran empezado hace 8 años y hubieran hecho mejor trabajo
62,"tienen que aceptar que el problema no es solo el gobierno, también la gente, si el metro lo hubieran arreglado antes ya estaría todo pintado y maltratado"
63,"al intentar dar una buena impresión , van hacer completamente lo contrario."
64,Y ese backroom
65,los partidos de fútbol del mundial se van a jugar en los estadios no en el metro
66,lo peor cuando pase el mundial lo van a dejar así :/ los creo muy capaces
67,si se hubiera remodelado hace un par de años ya lo hubieran destruido
68,salgo del metro puebla y no esta puebla dia 8 pidiendo este
69,[Sticker] si no van a estar a tiempo ya de mínimo que las terminen
70,viva Morena
71,"no pues para que lo empiezan 8 días antes, yo digo que en esos días salgamos más, para que sepan nuestra situación real"
72,saldrán con la excusa de q era una remodelacion muy aparte del.mundial ...
73,Ahora resulta que ya todos son críticos y arquitectos
74,pero solo arreglaron los ventiladores de la línea azul pero que hay de los ventiladores de las otras lineas bien gracias
75,"pero dicen ""no lo hubieran cuidado antes"" ¿y cuando han visto todo grafiteado y lleno de basura el metro? Los daños que tiene el metro en general son debido al uso de millones de personas y de años sin mantenimiento alguno."
76,15 días tienen
77,Si falta menos de una semana
78,Ya lo sabíamos wey ntp
79,es denigrante como el gobierno trata el transporte público y eso que es el transporte público de la capital del país
80,2 semanas faltan*
81,General Anaya está muy lento en remodelación y es un caos porque hay que buscar la salida
82,2 semanas*
84,¿Y qué?
85,así decíamos del Azteca
86,"te informo el metro no es campo de fútbol, porque tiene que estar listo???"
87,"Que esté listo en el momento que sea, el mundial es un buen pretexto para arreglarlo. Y que bueno."
89,"excepto que no remodelaron, solo redecoraron"
90,nmmn hasta ahorita se dan cuenta si desde que empezaron ya se sabía que no iban a terminar
91,Así quedó TACUBAYA
92,"No puede ser !!!! Que terrible, un metro con 70 años le encontraron humedad, devuelvan todo a como estaba !!"
93,Sus candelabros de temu y su papel tapiz. Hoy en día por eso todos tenemos mármol en las paredes por qué nos cuesta 60 pesos el metro y viene en rollo de 10 metros. Lo malo que en el recibo van a poner candelabros forjados en Italia y mármol traído de la minas de no sé. Total 500 millones .
94,lo peor esq las paredes de mármol las pusieron por encima de la pared de antes
95,[Sticker] y luego????
96,ni al caso esos candelabros en el metro son para una edificación colonial o algo donde reslmente luzcan de acuerdo a cierto tipo de arquitectura o edificacio. pero en el metro ?????
97,¿ Las líneas son temáticas? Vi que Auditorio parece un Toks
98,renuncia Clara Brugada
99,De tanta gente ni se va a ver
100,esas goteras tienen mi edad 35 años
101,"ví un meme de esos candelabros y pensé que era una broma, y no!! si pusieron"
102,Un poco de pintura lila y queda como nuevo
103,"Bro reemplazaron el fokin mármol por material mas barato y menos duradero, quien se quedó con todo el mármol????"
104,ves que ya no alcanzo el presupuesto para eso era candelabros o techo y el inge lo dejo a la suerte agilas candelabros
105,No Bro es que ahora estamos hablando de fútbol
106,o su restauración del metro auditorio y el resto de la línea horrorosa
107,y las inundaciones fuera del metro ni se diga
108,Los candelabros iluminan bien la goteras
109,"Acá decimos, TE DAN ATOLE CON EL DEDO"
110,[Sticker] SE HIZO RÁPIDO LA REMODELACIÓN NUNCA DIJIMOS QUE BIEN
111,70 % de los trenes están descompuestos
112,yo le doy 1 mes que van a durar
113,Disfruten su voto
114,esos serán moteles no se agan
115,pues no creo que los que vengan a ver el mundial entren alos baños
116,Que horror
117,así como los elevadores del metro/metrobus inservibles que solo están arreglando por el mundial.
118,Buena iniciativa
119,hay para que ponen eso sí van a cobrar? cuál es el beneficio?
120,Neta ? Hay cosas más necesarias
121,sanitarios Del Bienestar
122,Que la gente los cuide
123,y las escuelas y hospitales para cuando?
124,nuevo spots para stickers
125,pero si ya existe reforma 222
126,"Wey, que bueno que van a notar baños, luego me ando cagando y no encuentro algo rápido"
127,en lugar de baños alumbrado baches
128,Puro cruising va haber
129,"Fui a mi centro de salud zona Amecameca y NO hay medicamentos desde hace un mes , pero qué tal esto ."
130,deberían tapar baches si quieren quedar bien
131,de verían gastar en los hospitales. y baños del mismo lugar
132,Y pensar que para estas cosas me voy a dar de alta en el sat que coraje !
133,la primera señora tiene toda la razón
134,un nuevo crusing
135,termina mal**
136,y los baches pa cuando?
137,es como cuando me pedían recoger mi cuarto y aventaba toda la ropa al ropero para que no se viera tan mal
138,Eso lo dejamos para otro mundial
139,"Ay que si, ya te escuchamos!"
140,"cómo me imagino que paso: x: señor hay filtraciones y goteras, no cree que es mejor arreglar eso? x: no, quiero que pongas mis candelabros que tenga esas vibes de la realeza"
141,"[Sticker] son fuentes hermosa, es parte del estilo Antiguo"
142,y la remodelación que se hizo cuando peña nieto era presidente nadie las crítico por qué
143,Y CUÁNTO COSTÓ LA SUAVICREMA ÓSEA EL MONUMENTO A LA CORRUPCIÓN Y PARA QUE SIRVE?
144,"Exactamente! las cosas realmente funcionales estan obsoletas, por fuera ""bonito"" y al interior una porquería."
145,que triste ! Nada acertada esa decisión de poner candelabros que no sirven para nada
146,muchos faroles y candelabros y las goteras que?
147,exacto todas las estaciones están en muy malas condiciones esto son solo parches sus candelabros.. puro desperdicio de dinero
148,Es lo q sucede cuando solo echan pintura para cubrir defectos es como querer tapar el sol con un dedo
149,iiii. tu casa a de estar impecable muy observadora
150,"Por todo se quejan, comprense su carro mejor, yo voy bien cómoda Jsjsjsj"
151,se está hundiendo el titanic
152,la línea uno trenes nuevos tren ligero nuevo trolebuses nuevos camiones nuevos el metro a un te cuesta 5 pesos y te quejas jijijiji
153,y gasto miles de millones
154,"El metro necesita mantenimiento, no lámparitas bonitas."
155,y los baches en el centro histórico pa cuándo ?
156,jajajaja si donde quiera hay goteras y eso que aún no llueve en serio
157,"y al metro lo están remodelando solo por el mundial, así deberían de hacer siempre no solo por el mundial"
158,la gente ni lo va saber usar
159,ZONA DE CRUJIN JSJS
160,porqué no arreglar los baches
161,Y si mejor tapan los baches y invierten en seguridad
162,"y si mejor se cancela el mundial... por el brote de el ébola, México no está preparado para algo así y la presidenta lo está minimizando"
163,para que nada más duren lo que va a durar el mundial y después se queden ahí abandonados
164,Ya hicieron el mega gasto. Cuiden las cosas!!!!!!!!!!
165,si no arreglan las calles los metros van a estar dando de limpieza los baños
166,Pues no lo uses con tus $5.00 vete en Uber
167,clara y si mejor arreglas los baches y pones mayor seguridad? es lobque necesitamos
168,"Pues yo una ves me cague, para mí está bien"
169,Nmms nada les embona
170,me parecen bien porque al final también nosotros los vamos a poder ocupar pero si está ahí el detalle de su mantenimiento
171,Tres días después todo pintado jajajaja donde anda esos crack
172,"Camara, contraten más especialistas en los hospitales"
173,"que pongan uno por mi casa , porque la gente va a mear y cagar afuera de mi puerta"
174,La neta está bien siempre hago en la calle pipi jaja
175,la gente nunca cuida nada asi que.....
176,si el metro no sirve imagínate los baños hay nooooo por dios
177,seguro gastaron más de 5 millones por sanitario
178,minihoteles para los visitantes!!
179,Y si mejor verifican la falta de agua en AO ?
180,"Hacen falta insumos médicos en los hospitales, y solo por la visita de turistas están haciendo ""mejoras"" en la ciudad."
182,[Sticker] Al chile que bueno
183,en chabacano ya se puede transbordar a consti?
184,"Trabajos al vapor, no hay planeación. Porque rayos no se anticipación??"
185,"Tranquila Reyna, esperamos..."
186,Es que a presión sale todo mejor
187,si wey como si los equipos fueran a jugar en el metro
188,En Qatar 2022 faltaba 1 semana para el mundial y todavía no había 2 estadios listos
189,¿Y?
190,si el metro de mty tampoco México todo a última hora
191,Obviamente no van acabar hijo
192,el AICM está igual no van a terminar
193,DEBIERON EMPEZAR DESDE EL AÑO PASADO PERO SIEMPRE PROCASTINAN
194,grítalo que es la verdad
195,"Que oso, pero dudo que la gente que pueda pagar un boleto para el mundial, se traslade en metro jaja"
196,Creo que en Portales van poner como tipo pista de baile
197,Primero
198,8 años
199,Al chile que bueno
200,no que ya esta
201,Enserio me estás diciendo que todas esas remodelaciones y gasto público es para 5 partidos que va a haber??? pensé que era para los usuarios diarios...
202,Alch que bueno
203,La desventaja que el gobierno liberó los recursos a finales de marzo 2026
204,"si el metro es un asco, ahora con los trabajos en pleno servicio, peor no compa, date una vuelta en ecaterror ahí en plaza Ecatepec anda del asco en ese tramo y llevan repavimentando un pedazo desde hace 3 semanas"
205,"Si lo terminan, pero quedarán muchos detalles"
206,"pues el gobierno nunca actúa a tiempo, no me sorprende que quisieran hacerlo 6 meses antes del mundial"
207,9 años
208,"si we pero hay cosas más importantes que pintar metros para el mundial, si no estuvieran arreglando también se quejarían JAJAJAJ"
209,no les preocupa
210,mmm
211,"lo que pasa es que AMLO no estaba seguro de que ganaría las elecciones del 2024, y obvio no iba a hacer algo que otros gobiernos iba a terminar cuando gano Claudia ahora si se pusieron a hacer las cosas... se le llama Mezquindad"
212,En auditorio apenas la van a terminar y quedó mejor que bellas artes
213,baños públicos que cobran jjn
214,y si mejor nos ponen más seguridad
215,lo malo es q la gente no cuida las cosas
216,y las calles para cuando las pavimentan y la seguridad para cuando
217,y esos baños si tendrán agua ?
218,"Como no, siempre se necesita los baños públicos!!!!"
219,"deberían repavimentar, buscar calles que están en condiciones deplorables, eso nada más es desvió de recursos"
220,si estuvo BN siempre me ando cagando en los baños
221,ese gasto es inesesario porque después de unos meses no le van a dar mantenimiento y aparte eso requiere de sanitización
222,Deberían mejor hacer más hospitales ya que están saturados
223,muy bien lo que dijo la señora
224,los van a instalar pero no los van a poner en servicio
225,pinche metro wey!
226,Qué bueno que todo eso se va a ver a nivel mundial
227,Jajajajajaja chula imagen para los 3 turistas que vendrán
228,No les arreglen nada la gente no sabe cuidar
229,alch q bueno que no quede
230,Y se va a venir todo abajo en la primer lluvia
231,que con la pintura morada queda
232,y habrá que ver cuántos miles de pesos costaron y a quien de sus compas favorecieron
233,y....como pa que fue eso? de los candelabros ?
234,"Nuevas paredes, mismaa goteras."
235,"El Auditorio ayer todo parecía La Esperanza pero sin luz, no mmn"
236,[Sticker] el código de vestimenta:
237,eso es tapar el sol con un dedo
238,[Sticker] o es una o es otra cosa para las dos no alcanza
239,y para todos aquellos que defiende no es que nos quejemos de todo simplemente es darse cuenta de la realidad y si no te gusta y te sientes feliz en tu carro deberías prestar tu carro para que los demás lo usen
240,"Todo tiene filtraciones y mejor, hubieran comprado más trenes y arreglado el cableado"
241,estan como cuando se les esta botando la pintura porque tienen humedad en las paredes y dicen que poniendoles sellador y una pintadita queda bien
242,cómo si con pintura y loseta nueva fueran a avanzar más rápido los trenes
243,Deberian llamarle estacion: FUENTES BROTANTES
244,Confirmo las goteras quedaron intactas
245,Dicen los gobernantes que para el próximo mundial sin falta
246,también colocaron cascadas artificiales instalaciones de primer nivel
247,eso es lo que deberían de arreglar las filtraciones de agua entre otras cosas
248,es parte del arte y el surrealismo que tiene está obra!!
249,Esas goteras son echas a igualmente para dar el estilo antiguo como si pasaras por un callejón en la lluvia
250,Hay prioridades... quedar bien en el mundial
251,Jajajajajaajajaa es neta que pusieron eso en el metro? No mms
252,"Es parte de las fuentes de Cibeles en el Metro Hidalgo, no se saquen de onda !!!"
253,Es para darle el estilo vintage
254,perdon falto un poco de pintura morada
255,Si los baños del metro siempre están cerrados
256,"pero que tal , los baños de los metrobuses ya los cobran , que tonteria"
257,Jajaja. Y las calles todas madreadas
258,a mi si me gustaría pero en puntos estratégicos donde no allá baños porque por ejemplo en el trole elevado haria falta y deberían de poner varias no sólo en donde será el mundial
259,Mejor que den más material y medicamentos a los hospitales
260,mejor deberían de ocupar ese presupuesto k gastaron en otras cosas k hacen falta para los k aqui vivimos
261,Perfectos para hacer cruising
262,a la gente nunca le das gusto
263,mejor inviertanle más al metro porque siento que cada vez está peor
264,Y si mejor empieza por los baches que hay en toda la ciudad y las calles tan en mal estado
265,pongan uno por mi casa ya que la pared de mi casa es miadero seguro cuando hay carnaval
266,[Sticker] Yo esperando el metro....
267,"no son goteras, es una fuente natural"
268,[Sticker] lo vi en
269,en eso gastan los impuestos ???
270,"hay que aceptar que no hay presupuesto para gotera y,pintura lo ilogico de esta administración"
271,"Pero en verdad que no hay visión, tiene que estarles explicando todo. Para llegar a la ambientación deseada hay que dejar esas filtraciones de agua para utilizar paraguas estilo colonial. Que por supuesto estarán a la venta en los alrededores de las entradas del metro. Les falta visión"
272,"Es que es como el titanic, ya se está hundiendo"
273,La 4T va
274,[Sticker] Ya no te voy a contestar
275,Las líneas del metro necesitan mantenimientoooooo!!!!!
276,"Justo puro arreglo estético pero vean todas las goteras que se hacen, cuanto de cuarteados están las escaleras"
277,"Que burla, como todo en este gobierno"
278,es que le falto pintura morada
279,es que no sabes son las cascadas que pondrán en próximo año
280,"Solo tenían que pulir el mármol y arreglar las fisuras que entraban en las lluvias y lo más importante, comprar nuevos trenes, eso era todo"
281,Es que esa es la fuente bro que no estás viendo
282,y nomas deja que llueva y se veran mas chidas las fuentes...
283,Es propio del estilo renacentista
284,Y dejenlos.
285,Te odio cheinbaun
286,"No era necesario hacer tanto desmadre, para 5 partidos moleros que va ver, en el 86 en Neza hubo 3 partidos del mundial y las calles aledaña al Estadio no tenía ni pavimento, solo la principal."
287,"inviertan o no siguen jodiendo, todo les molesta que horror"
288,"¿Cómo no? Un parchecito por aquí, otro parchecito por allá y nadie ve los daños (sarcasmo)."
289,no lo hicieron antes porque sabiendo como somos los mexicanos no iba a durar ni el año
290,"Sinlo hubieran hecho desde el principio para hoy no se vería ""bonito"" qué es lo que quieren aparentar... No es para nosotros, es para quedar bien con las visitas... Y vivo en esta zona"
291,¿A que partido te vendiste ?¿cuánto te pagaron ?
292,un mega desmadre
293,parece zona de guerra
294,ahorita México es como nosotros de chiquitos toda la media hora
295,ningún chile les embona
296,con pintura morada y unos ajolititos quedan
297,"Para que todo cambie se tiene que empezar desde nosotros desde el pueblo pero lastimosamente tanto el gobierno como las personas son un problema claro no todas pero la delincuencia la mala gente todo eso no lo podemos evitar de un día para otro, triste lo de este país tan hermoso pero a la vez tan malo"
298,arruinaron la línea azul
299,[Sticker] Cómo siempre obras de 4ta
300,"Y la línea A cuando? ah no, que a Iztapalacra no vienen turistas"
301,"Ustedes enserio creen que si lo hubieran arreglado antes, aun estaría en buenas condiciones? Que no lo van a pintar? Pegarle cosas? Y de más? La gente no sabe cuidar y respetar lo poquito o mucho que hacen, ya hay puentes que grafitiaron y estaban recién pintados, las paredes de los edificios, los mismos anuncios y hasta las luminarias"
302,"15 días y ya hicieron su mmda,, te apuesto que ni lo van a terminar y lo van a dejar a medias"
303,La del Zócalo está de la vrga ni abierta estaba
304,apoco si creían que morena iba a hacer obras de calidad ??? ya maduren
305,a mi me dio mucha risa ver los candelabros de hidalgo xd
306,Cuando estaba lloviendo yo una vez me iba a caer a las vías por que me resbalé por evitar esas tablas
307,El gobierno es un chiste
308,"La cosa es que van a ""entregar"" y así lo van a dejar para el ""siguiente""."
309,siento que no lo van a terminar y van a usar el pretexto de que en realidad las reparaciones no eran para el mundial sino para el pueblo bueno
310,Pov comienzan a cerrar estaciones estoy segura que seguramente entre semana empezarán a cerrar como lo hacen en fin de semana que que desmadre se hace
311,"Lo peor del caso es que, lo van a terminar meses después, y no le van a volver a meter mano hasta que suceda una tragedia tipo L 12"
312,toodo el desmadr3 por solo 5 partidos de fut
313,"Yo creo que usarán el poder mexa, dejar todo para el día de entrega de la tarea y sacar 6"
314,cuanto van a cobrar por usarlos??
315,CDMX es bien random
316,Y luego en la esquina de la CIUDADELA ya vi el crujin JAJAJAJAJAJAJA
317,no va durar ni 1 año porque lo van a ensuciar mucho por fuera y lo van a pintar y dudo que lo atiendan y le cambien el agua siempre
318,no hay medicina en los hospitales pero esto es importante
319,mejor que inviten los boletos para la final de Cruz azul vs pumas
320,No hay cámaras
321,mejor que pongan más cámaras de seguridad
322,Nada nos parece
323,y quién los vendió ????? ANDY?????
324,y si arreglan los vagones del metro?
325,que pongan de esos en ecatepec
326,"que den más instrumentos, aparatos, y medicamentos para hospitales"
327,Pero seguimos con baches
328,"Ya me imagino esos baños , cerrados como los baños del metro bus. teniendo que buscar a algún policía para que te pueda abrir."
329,Para si hay presupuesto pero para tratamiento oncologico ¿no? Wow
330,uyyy y cuanto le costará a los de la CDMX esos baños? serán permanentes o solo por lo del mundial
331,quién los. habrá licitado? cuánto. van a costar?
332,No roban la energía ya está la instalación de CFE solo faltan los medidores eso pasa hasta en las casas no lo instalan de inmediato
333,Y si mejor le dan el presupuesto a las escuelas y hospitales?
334,"Esas goteras tienen tanto tiempo, qué ya daño el cemento del piso, se nota en la huella."
335,uno que otro usuario del metro
336,Maquillaje barato del bienestarttt
337,despierta México
338,falto pintura morada
339,Te se está empezando a meter el agua al titanic
340,"creen que colocando una lámpara tipo farol, en una pared ya es una remodelación jajajajaja"
341,desde que pasas los torniquetes
342,"pintura morada,ajokotes y listo."
343,que compren medicinas x qué luego no hay en el seguro ni para la presión
344,Estudie en Inglaterra y déjame decirte que esa filtración no es nada comparado con las inundaciones de por allá
345,Que ponga letrinas o existen los baños públicos. Que les cobren 10 dólares
346,ni hay agua
347,jajajajaja no mms
348,los nuevos hoteles económicos
349,Esta quedando con madre la escenografía
350,Buena idea pero estoy segura que estarán pésimos porque no tendrán mantenimiento.
351,con la tarjeta de movilidad integrada
352,y si en los centros de salud nos dan sillas dignas para trabajar y material
353,Pero qué tal acá por el Estado de México en cada lluvia parece río.
354,[Sticker] hayyy no
355,lo que van a durar
356,no nada más por el mundial todos esos sanitarios los deberían de poner en cada transborde de las líneas del metro de la CDMX
357,Nuevas casas para las personas en situación de calle.
364,Jajajajajajq no mmen
366,"Súper bien, por que se ocupan !! Luego te andan multando por orinar pero tampoco no hay baños cercanos !!"
367,no maaaa...
368,Y los baches ?????
369,y el estado vlv..no mms
370,Para que después lo sirvan para nada
371,"y las coladeras trampa, para cuando"
372,La primera señora tiene toda la razón
373,Nada les parece
374,No gracias
375,Ay sí y en unos meses va costar jaja
376,y pregunta cuánto costara?
377,pues que bueno porque mi trabajo es en campo y luego no encuentro baños
378,La palabra pandemia te dice algo?
379,Jajaja y cobraron como si fuera una restauración completa
380,cómo experta en la materia que sugiere usted ingeniera del tiktok
381,si es buena opción con el débido mantenimiento desde hace años lo hubieran instalado
382,Y no sería mejor que den mantenimiento o modernicen los semáforos de la ciudad?
383,es para que haga contraste con la arquitectura.
384,"remodelacion a medias, igual que en las calles de la CDMX."
385,las bromas del gobierno!!!!
386,mejor no hagan nada
387,así es la vida... le arreglas una cosa y se descompone otra
388,Eso le da un toque Vintage
389,exacto las goteras l humedad las escaleras eléctricas que no sirven para eso hubieran usado el presupuesto no que puras cosas inservibles
390,Composturas del bienestar
391,Se abrirá de inmediato una carpeta de investigación.
392,es solo para guardar las apariencias
393,[Sticker] DE HECHO PENSE QUE ERA EL UNICO QUE SE DIO CUENTA DEL TEMA xD
394,Se pasaron yo me imaginaba más moderno el metro que iba a quedar pero no así.
395,Normal diran que entre en calendabro y la pinta dirán que costo 9.5 millones de dólares para justificar no te espantes
396,es impresionismo /arte abstracto. Lo pintó un artista famoso y costo millones.
397,[Sticker] No lo entiendes es el toque de humildad que todo burgués necesita
398,Jajajaja es para sentir q estas en Venecia entre lujos y agua
399,"Siguen las simulaciones, hicieron como que remodelaron, y a la primera de las lluvias, ven lo obvio, lo mal hecho"
400,Es parte bro es una mezcla de arte antiguo con arte moderno aestetic
401,maquillaje del bienestar
402,[Sticker] Gobierno de la Ciudad de México
403,"Les digo que hay goteras , en pino Suárez llueve más dentro que fuera del metro"
404,y se sigue parando el metro a veces :'v
405,justo... Vi en un video como pintaban de morado un edificio en ruinas que ya se estaba cayendo.
407,"pudieron arreglar la ciudad pero no los hospitales, ojalá que con toda la derrama económica que se tendrá lo del mundial mejoren los servicios públicos de primera necesidad"
408,cómo si valiera la pena
409,mejor arreglen las cosas
410,exacto por apariencia
411,3 mil millones de pesos costaron seguramente!! Y se embolsaron más de la mitad!!! Y van a costar más de 30 pesos el acceso!
412,Pongan botes de basura que no ha en ningún lado mejor!
413,que va a pasar después???? quien les va a dar mantenimiento??
414,para cuantos les gustan
415,shhhaaale
416,Uffas nuevos lienzos
417,está bien luego no hay donde entrar al baño
418,Hay esos baños desde hace años en Paris por ejemplo.
419,para Tapar Los Baches
420,mmm a ver cuánto duran la verdad
421,increíble
422,Casitas premium
423,pues ya lo hubiera dejado en 5pesos
424,gobierno
425,a mi si me sirve si me ando cagando es entrandole jejeje
426,Por ejemplo seguridad
427,Csm
428,Si ubican que solo habrá 5 partidos en CDMX? 5 de 104. Mucha inversión para la expectativa de turistas...
429,y los hospitales hasta sin reactivos para hacer un laboratorio de gabinete básico.
430,Ahí uno en revolución
431,Estuvo súper bien!!! Me agrada la idea
432,"en otros países hay baños públicos de alta tecnología, nosotros los necesitamos?, no, estamos preparados para tenerlos?, no... México siempre corriendo antes de caminar"
433,"Ay mi México, todo a última hora y solo por encimita"
434,nada les embona
435,"Es que necesitaba mantenimiento, no remodelación"
436,Cuantos miles de millones van a costar
437,se quejan pero no cuidan las cosas.
438,"Nada les embona, no doblada ni enrollada."
439,las nuevas cabinas de los
440,ya después los quitan hahaha
441,Se van a meter a dormir ahí los que viven en la calle por ahí
442,Porque no empiezan a comprar medicamentos para la nueva pandemia que se va venir gracias a este mundial
443,cuánto iremos a pagar por sus caprichos todo está subiendo de precio
444,mejor la ajolotera esa que vea los baches caray
445,"Hay ora ,en un año ya no estarán"
446,La gente nada les gusta y todo critican
447,que arreglen las calles
448,"Ojalá las personas que viven en las calles, no se adueñen de los baños y las conviertan en su hogar."
449,"y tapar los baches, no les gusta("
450,pasara lo que con los bebederos en los metros solo el gasto y ya
451,haré mis cruces de caca
452,Y EL ÉBOLA AMA??? CENTROS DE CONTAGIO SEGURO....
453,me imagino que habrá mucha gente de limpieza para todo lo que piensan poner
454,y afuera van a cobrar
455,A nosotros los viejos ya no nos gusta nada
456,dónde donde para ir a ensuciarlo y no bajarle al baño
457,los van a abandonar
458,Awebo otro lugar para embarrar todo gracias México
459,como el mismo gobierno se roba la luz ?
460,"También pinche gente, quiere que le hagamos todo, el pueblo también es el reflejo del gobierno."
461,El problema no es el gobierno el problema es la gente.
462,pero deberían dejarlos para siempre y poner más en sonas específicas de barrió también
463,no saben en qué pedote se metieron
464,Bye bye moteles
465,servirán para el crujin?
466,Ya vi a los habitantes de calle durmiendo ahi
467,Solo si te fijas michojajajajaja
468,lo que tú no entiendes es que son las famosísimas grutas del antiguo D.F
469,"pero se ve bonito, recuerda que es el gobierno de la maqueta bonita"
470,jajajaja me encanta pura pantalla mundialista
471,que caray ....no duró ni para el mundial
472,la apuesta es que no llueva en el mundial
473,oooh!! todo quieren jajaja
474,"línea 1 tiene puros plafones oxidados, por humedad. Rubalcaba también nosotros maltratamos las estaciones con humedad?"
475,según yo antes de la remodelación no había goteras
476,"Ya se abrió una carpeta de investigación de que pasó ahí, se necesitan pruebas :v"
477,"el metro y la cuidad necesitan mantenimiento preventivo y correctivo, no solo pintura el país necesita educación y todos necesitamos más cultura tamos bien mal todos y todo"
478,"lo primero era arreglar los problemas que tenia, tuvieron 4 años para hacerlo"
479,[Sticker] ese tono va acordé con mi stiker.
480,puras apariencias
481,y el mantenimiento de los triste
482,"En lugar de gastar en tonterías, deberían dar mantenimiento real al metro..."
483,[Sticker] si se mete el agua ya va a parecer otra escena de una película donde se mete el agua ..
484,"es como feria de pueblo, pero en el metro."
485,dejaron las fuentes modernas
486,pensé que lo de los candelabros era broma
487,"[Sticker] Es que la prioridad era la elegancia de Francia, aunque se caiga el techo o llueva en las estaciones, a la mejor más allá de eso su visión es que tenga un toque romántico con lluvia, (Es bromis), pero si deberían de arreglar lo más importante en vez de los candelabros."
488,"jaja la tubería , el reloj y el letrero entre otros jajajajaja"
489,Jajajaja es para poder llenar las estaciones de agua jajaja
490,Muchas falta de mantenimiento. Para que los candelabros?
491,[Sticker] yo esperando el metro jajajjaa la goteras jajajajaja
492,muchas gracias por tu reporte joaquin
493,nmmn llueve mas adentro que afuera
494,Jajaja es parte de la atracción
495,POR AÑOS MME Y MME QUE PUSIERAN BAÑOS PÚBLICOS Y AHORA QUE LOS PONEN SIGUEN MMDO
496,ya van a estrenar casa las personas de la calle
497,cuál es el más cercado para rayar el nombre de mi rukaleta
498,esos sanitarios se saldrán de control estará apestosos
499,Para que vergas
500,En tres meses va estar alguien afuera de cada baño vendiendo dulces y cobrando $7
501,La CFE robándole a la nación de la CFE
502,y donde que yo me echo unas bien apestosotas ajajaja
503,[Sticker] va a estar bn asqueroso
504,mejor gastar el dinero en los hospitales en medicamentos
505,ni mundial debería de a ver así como está la situación de las enfermedades que se están propagando
506,eso es un gasto innecesario.... termino aran cerrados y con basura
507,"Es otro gasto inútil y lo que necesita la ciudad bien gracias, bachesy tendrían que dejar un policía porque aquí no respetan nada"
508,deberas ya no saben ni que hacer
509,Y no hay enseres en el IMS
510,sin papel y sin agua para que?
511,está bien porque sale más caro la multa por orinar en publico
512,atentos grafiteros
513,Baños con Ajolotes...
514,volten a la comunidad estudiantil
515,para puro turista y los ricos
516,"mejor pongan botes de basura en los metros, luego se quejan que hay basura en todos lados"
517,Debería también implementar contenedores grandes de basura para que la gente ya no sea tan cochina y ahí depositen su basura
518,Ni un chile les embona deberas
519,[Sticker] gastan en todo menos en lo que se necesita
520,Ni van a tener agua
521,Cuando le calculan para que estén bandalizados y abandonados.
522,Todo lo que gastan deberían de aumentar las pensiones de los s trabajadores del IMSS ni al mínimo llega
523,toma taxi
524,se ve más económico
525,El que busca que hacer siempre va a encontrar y sobre todo cuando se descuido el metro Pero con el cuidado que le demos estaremos más que satisfechos
526,Usa UBER mija!
527,Gasto innecesario
528,Bienvenida a la cuarta transformación
529,Tu votaste por lo actual.
530,que pena cdmx
531,y cuantos millones costaron
532,Que esperaban!
533,que metro es??
534,que iglesia es???
535,y que volteas hacia arriba?
536,que t valgaa
537,no alcanzo el presupuesto para hacerlo bien
538,exactamente que arregle mejor las calles banquetas drenajes ya que el gobierno tiene el poder y el dinero
539,"Ay que cosa, no se si reír o ponerme a llorar por la burla de las autoridades"
540,Puras mmds
541,mejor que no haiga mundial no saben los riesgos de salud que puede ver más adelante nueva pandemia
542,Hay al ratito van a decir que costo mil de millones para justificar su robo jaja
543,Déjanos con esos pequeños momentos de finura Porfavor!!!
544,"hay presencia de humedad en esa área y es precisamente porque la CDMX se está hundiendo, sé que no lo van a comprender, lo más simple es decirles que eso no se va a ir."
545,saben como va a terminar eso
546,"De verdad nada, nada, nada les embona."
547,"apenas le tocó a mi niño en pediatría y no había camas solo casos graves les asignaron , los demás en sillas estaban canalizados en batita cansados de madrugada que difícil situación del país, deberían invertir esos temas ya que todos los mexicanos aportamos para eso"
548,"QPKM tiene el gobierno , habiendo tantas pinches necesidades en el país y gastan en esto ."
549,"te imaginas cuanto supuestamente gastarían en ""arreglar"" nadamas una parte así :v? dirían q ocupan unos cuantos billones y aún así, ""haber si queda"" :v pq es difícil yo digo pero aún así :v en una de esas por la humedad pierde sus propiedades para cargar tanto peso para el q fue diseñado y sacas q se caiga mms"
550,Gastaron en embellecer y no hay trenes
551,"que pensaban, la lamparita costó bastantes millones de pesos, no alcanzo para arreglar bien el anden"
552,es que la gente por que no entiende que es mas importante que se vea bonito a que funcione bien
553,podra ir hasta la mare en hora pico pero la decoración
554,son faroles y de hecho tienes razón lo que debieron remodelar no lo hicieron
555,peña nieto se te extraña
556,lo q no sabes es q esas goteras son parte de los adornos
557,todos con teléfono iPhone en paguitos...y recargas de 100
558,yo solo juzgamos y juzgamos como si fuwramos perfectos avwces si hay gente que cae mal se creen perfectos
559,Y las calles y carreteras como para cuando?
560,y dicen que nada nos envona
561,"Remodelación estética solamente ,para controlar esas goteras imaginen el tipo de trabajo que tienen que hacer y esa zona es muy difícil de tratar ya que con temblores, el hundimiento y el paso de el tiempo es normal que se hagan"
562,es interactivo así sabrás cuando esté lloviendo afuera jaja
563,Y justificaron millones de pesos gastados JAJAJAJA
564,cuando realizarán algo bien?
565,Ya le quitaste el encanto
566,y las cascadas y goteras para cuando???
567,"SIN COMENTARIOS,SEÑORES ESTO ES MÉXICO"
568,que ve vea 1912
569,ni el reloj que es necesario existe
570,more y sus cosas
571,Es q es una fuente
572,Es la brugadizacion de la CDMX
573,"Que decepción, ojalá hicieran bien las cosas !!!"
574,se ve como 1520 .... no se de que te quejas????
575,mejor me río.
576,De los trenes ni hablamos
577,"fue remodelacion, no reconstrucción, eso seria casi imposible porque por arriba ya hay casas"
578,"También tú, ni modo que remodelaran en la remodelación xd"
579,esas filtraciónes ya son muy dificil
580,lo remodelo bis chungus
581,solo en México
582,No se si llorar o reír
583,Llego la locomotora 5972!!!
584,pero ya esa estación es te etiqueta
585,eh ey ey ¿porque no hay un ajolote ahí? ¿y por qué no está pintado de morado?
586,puro impuestos de los trabajadores q bárbaros pero en fin
587,Pena ajena este gobierno en verdad
588,Dar mantenimiento a toda la Ciudad de México pintar paredes escombrar los jardines limpiar puentes peatonales y vehículares plantar más árboles afuera de Chapultepec donde muchos fueron cortados ahora que fui de visita todo abandonado ya pónganse las pilas
589,por que no arreglan las avenidas principales no que hay un buen de baches y la delincuencia cada dia esta peor
590,no lo se luego andas por ahí con el topo atorado y sin cambio :(
591,Ya quiero ver el costo al que se los vendieron a Brugada
592,Hasta eso les van a quitar a los comerciantes
593,Por qué quieren aparentar lo que no es ???
594,Lo van a desvalijar el primer día
595,no entendien que entre mas gente vengas mas gente deja su dinero aquí en mexico
596,Mejor que recojan realmente la basura que hay en las calles
597,yujuuuu para los choferesde app jajajaja
598,dejemos que pongan todo lo que quieran pero cuando empiece el mundial a sabotear todo
599,"Que elegancia la de Francia, y las goteras pa'"
600,es decoracion no una verdadera remodelacion
601,Y las escaleras eléctricas ama
602,Este gobierno pura estupidez
604,Había ofertas en GALERÍAS EL TRIUNFO?!?'
605,jajajaja ese vídeo está bueno es pura estampa nada más
607,Es serio? creí eran memes
609,es una cascada muy top muy fina para que cualquiera le vea el potencial muy como en Dubai
610,México no está preparado para ese tipo de infraestructura
611,van a ser todo menos baños jaja
612,Lo que urge son botes para basura
613,"No sé porque permitimos estos desfalcos innecesarios, cuando en el país hay otras prioridades... entonces si hay presupuesto pero el gobierno de no lo suelta porque le vale madres el país y su gente"
614,con que presupuesto de mugre le van a dar mantenimiento? Electricidad de donde? Quien va a pagar eso. Todos van a baños publicos sin costo
615,y cuando pasen los 15 minutos se queda encerrado
616,"al rato va a estar abandonado, sucio, y con basura."
617,Para que no los abran! Como los elevadores en puentes y metro
618,@ n necesito q vayas
619,@María Aguilera
620,"@Claudia Sheinbaum Pardo NO QUEREMOS MUNDIAL, QUEREMOS NUESTRA SALUD."
633,y qué tal si te lo suben a 10 pesos?
634,Es que es parte de la decoración
638,Esto es una locura de corrupción @Clara Brugada @Ciudad de México
652,"@TelediarioMx ya sabemos el destino de estos sanitarios públicos, quedaran en el abandonó u operando en precarias e insalubres condiciones"
658,"la mayoría de gente gasta en cigarros, cocas, cervezas alcohol, fiestas a lo wey y ahorita que somos pais anfitrión y quieren que México no se vea tan pichurriento y que ahorre todo"
659,que es estooooooo!!!!!
660,Jajajajajaja.
661,Él hazme reír para el mundo entero
662,Nada los tiene contentos
663,todo hace juego
664,ya nada nas da risa jajaja
665,Jajajajajajaja
666,ESO NO ESTABA EN EL PRESUPUESTO JIJIJIJJII
667,son cascadas para dar el toque de la Francia de los grandes jardines con fuentes
668,"yo no sé para madres arreglaron tantas estaciones, y solo en lo visual , xq lo verdadero importante q son las grietas como estás, o los trenes ,"
669,es sistema de Humidificación!
670,no pues bueno jajajajajajaja
671,Ahí deberían colocar buna fuente
673,Es la gealidad dul tegceg monde. Chingona la decoración ¿y el servicio de calidad para cuando?
674,creen que los candelabros evitarán que no se den cuenta de las deficiencias en el transporte colectivo
675,Jajaja
676,Hecho en México
677,Jajjajajaj
679,transformación de 4ta
680,Jajajaja
681,triste realidad
682,que mal !!!
683,"Gente, tendremos Titanic 2 En México, claro que si. Próximamente en envivos de tik tok"
684,"no, no, no, solo ve los candelabros"
685,lo bueno que ya le dieron mantenimiento
686,jajajjajaj
687,"Las calles con pinches coladeras destapadas, baches y hoyos por"
688,falta mantenimiento hay muchas goteras
689,ay! que bueno porque yo siempre me ando haciendo popis y es bien difícil encontrar donde o quien te dejé entrar. al fin alguien pensó en nosotros los cagones
690,Siiii para un rapidín
691,Y después de dos meses estarán olvidados y servirán de basurero
692,Mejor que pongan botes de basura en todos lados hasta en el metro
693,y ya los rayaron
694,"solo faltan que pongan ""uso exclusivo para turistas """
695,"en medicamentos para el IMSS ,para personas con cáncer o demás, deberían de hacer, y no gastar el dinero aparentando México es súper woooo"
696,QUE BUENO XQ LUEGO UNO SE HANDA C@G@ND@ Y NO HAY DOND TIRARSE EL KEY
697,está de lujo
698,es pues la cuarta
699,Omg ya eres toda una famosa
700,puesi q ganan con gastar dinero en eso con quién quieren quedar bien y eso es poco por loq hayq hacer por los metros hospitales parques xxxxxx
701,sin palabras
702,Jajajajj
703,entonces si es muy parecido al Titanic
704,jajajaja
705,Y la pinturita morada
706,Que absurdo!
707,Otra que nada le embona
709,señores no han visto la regadera que puso para lavar los trenes
710,me gozo como se Disen de todo en los comentarios
711,Hay que hablar de esto ruvalcaba
712,"exacto!!! es lo que digo, ese dinero que se gastaron, millones de pesos en remodelaciones piteras que no eran necesarias, y las vías, los trenes, las instalaciones eléctricas, las goteras, la humedad, lo que sí es necesario!?!?!?"
713,Jajajajaja
714,exacto
715,Exacto y lo que deberían de arreglar no lo arreglan
718,[Sticker] somos bendecidos por tenene un medio transporte barato por $5°° pesos ya ven los del estado pagan lo triple
719,Así es Ocapa Brukk
720,"quiero llorar, pero tendré que actuar, con mis derechos"
721,jajaja
722,Roma no se construyó en un día........ por algo se empieza. Para mí bellos los Candelabros
723,de q hay personas q nada les va!!!!!!
724,o que la canción nada t envona
725,haber super genio como detienes esa humedad a esa profundidad y con agua encima ??
726,a mí sí me gusta mucho
727,a la gente no la tienes contenta
728,creo que no se puede impermeabilizar la calle o si. Alguien puede decir que se puede hacer con su infinita inteligencia
729,"EXACTAMENTE, PRIORIDAD A LO REALMENTE IMPORTANTE..."
730,se pasan todo horrible
731,"Dicen que uno abandona el barrio, pero el barrio jamás te abandona"
732,y ya terminaron las obras ???
733,Las goteras del bienestar
734,Eso es Culpa de Calderón
735,"que funcionen los baños del metrobus, los elevadores del metro ... no mames nunca votaré de nuevo por morena"
736,@Clara Brugada eso va ser un hotel seguridad es lo que necesitamos no ese hotel de paso
737,menos de un año les doy
739,"Pasando el mundial los quitan, sólo es para aparentar"
741,No veo las filas y el mar de gente estrenándolos por el Fomo
742,ojalá y los tengan limpios
743,@Claudia Sheinbaum Pardo @Partido Morena
744,mejor que pongan camaras
745,que estupidez jajajaja
747,Si no hay botes d ebasura saben cómo va a estar eso jajajajaa
748,Por fin!!!!
749,lo importante será que va a pasar.despues del mundial @Claudia Sheinbaum Pardo @Clara Brugada
750,mejor q tapen los baches
751,El problema no son los baños es la gente
752,y nosotros que nos cargue la chingada
753,Dios ya quitales el poder!!!
754,mira nada mas así deverian de poner botes de basura x todos lados.
755,jjj no mmm
756,Esas madres ni van a durar 6 meses
758,hoteles gratis
759,mejor pongan botes de basura
760,para que despues estén tomados por la gente en situación en calle o un foco de infección muy intensa hasta se metan la gente hacer crussing
761,Ya como en paris jajaa
762,van a quedar bien cagados y bien tapados
764,siempre buscando el pelo en la sopa
765,Te falto grabar a la gente
766,Que elegancia la de.......juuuuuaaaatttt ‼‼
768,Creo que el transporte demanda solución real en otros temas...!!!
769,el metro es subterráneo y está en medio de un túnel de bajo de la tierra y todas las líneas del metro son así
770,algo no cuadra
771,no words
772,Las prioridades del metro están igual a mi economía
773,eso es normal son filtraciones de agua por que es subsuelo
774,[Sticker] Todos esperando.
775,puro gasto infructuoso pero bueno como no es su dinero
776,No les digo cada vez estamos peor
777,todo muy bonito pero los trenes de la fregada jajaja poca madre
778,Próximamente
779,Se pasan que es para que el mundo no vea como se cae el país a pedazos ya todo mundo sabe
780,tranquila ahorita lo pintan de morado y le ponen un ajolote
781,Es para que sientas que vas caminando con luz de los candelabros bajo la lluvia al puro estilo europeo
782,aquí aplica la de... barrieron nomas por donde pasa la suegra jajajajjajaja
783,las fugas pa cuando
784,"Nada les gusta , Al menos no se quedan el dinero como el PRIAN"
785,Esos candelabros me recuerdan a casa de nuevo rico. No importa nada más que los garigoles y lo dorado barato. Algo fuera de lugar y con mal gusto
786,restos del prian
787,"yo creo que yá quieren subir el metro, pará pagar esos lujos ."
788,"ah! ca.... y las goteras, son el plus o qué?"
789,"jajaja, pues como siempre, no más nos dan atole con el dedo y así varias estaciones, con fugas de agua"
790,Jajaja con goteras y las calles se inundan difícil de creer
791,es un asco el govierno
792,cómo todo lo que hace la jefa de gobierno y la presidenta
793,México mágico
794,Como que hacen eso para molestar a Ciudadanos
795,"me recuerda aquel conocido refrán.. Candil de la calle, Oscuridad de la casa..."
796,Por 5 pesos para que te sientas como en tu casa
797,Ningún chile les embona .
798,mexico magico
799,Les digo que este gobierno es una
800,solo por el mundial no puede ser tierra dinero para que la fifa gane
801,puras tonteras de este gobierno
802,y dice la presidenta que somos primer Mundo jajajaja
803,gobierno ignorante mejor que arreglen las goteras
804,la verdad si estoy de acuerdo en lugar de gastar en pendejadas como ha sido este gobierno hubieran arreglado las estaciones dejen que llueva y todo lo que hicieron va ir a la basura y se quejan de gobiernos anteriores
805,Esos candelabros son lo mas inútiles de la vida
806,esto es como pegar el retrovisor con cinta canela
807,quieren tapar la realidad como el sol con un dedo
808,arreglos por acá y todos los defectos de más cosas cuando.
809,"Justo así esta en la Linea 7, Estación Río San Joaquín, ya está muy pintado por dentro, pero en el techo las Goteras , hay hasta cartones en el piso , para que absorban el agua, pero muy pintado todo y las Escaleras Eléctricas Sin Funcionar . Ver para Creer"
810,[Sticker] ptm nada pueden hacer bien la 4t
811,es de la antigüedad tenía que hacerce algo real
812,We es que es como si pusieran un mantel elegante sobre una mesa ya para aventarla
813,"Jajajaja exacto hay un montón de fugas porque no arreglaron eso mejor, nada más lo pintaron"
814,jaja Gobierno Ridículo que el mundo se entere como nos tienen
815,we juran que el gobierno debe de estar con cámara de vigilancia buscando el mínimo detalles de cualquier cosa para repararlo en segundos JAJAJAJAJAJ
816,"Gastan en puras tonterías, y lo que deben hacer, no lo hacen... Gobierno de 4ta...."
817,Gastos innecesarios mejor que arreglen las goteras
818,una prueba mas de que es una porquería este gobierno
819,"no!, me reuso a usar algo que dejo el malvado Don Porfirio (sarcasmo); -perdoneme Don Profirio- por cierto la lampara combina con la cinta ""aguas con la pared"" y las aguas en los techos"
820,ME PREGUNTÓ CUÁNTO HABRÁN COSTADO EN REALIDAD ESAS LUMINARIAS??? PORQUE ES MUY SEGURO QUE ALGUIEN SE LLEVÓ MUY BUENA COMISIÓN...
821,Que no lo vea el Arqui
822,El claro ejemplo de que ningun chile les embona
823,"si, ridículo el gobierno, el circo mejor pagado del mundo...."
824,Falta que arreglen la línea de barranca del muerto y dirección el rosario también está en pésimas condiciones.
825,"No, eso lo dejaron así porque posteriormente van a grabar las escenas del Titanic, tranquilos este gobierno piensa en todo"
826,"justo comenté en otro video, que a ver si su estación fifi, no se hundía con la primera lluvia, como el Titanic...y siiiii."
827,puro gasto inútil
828,qué horror
829,Que hartazgo con este gobierno
830,ja ja ja ja ja ja yyojsla lo vean las autoridades y no salgan con que tienen otros datos
831,[Sticker] gobierno sonso
832,Pero dice clarita que no es por el mundial
833,su gobierno que no invierte en las verdaderas necesidades de del país que se gasta el recurso en los viajes de su bancada
834,jajaja pinche gobierno tan p......
835,también se gotean
836,"Muy Al estilo de De MORENA,"
837,"si el peor gobierno , bola de Corruptos miserables"
838,puras jaladas
839,Queremos mantenimiento no adornos
840,De verdad esperaban algo distinto???? Lo hizo la 4 deformación...
841,Quieren tapar el sol con un dedo!!
842,está presidenta creo que estamos en el siglo 16 ya que siempre le echa la culpa a los opositores jajaja jajaja
843,de todo se quejan como si el PRIAN hubiese hecho algo de mantenimiento a las líneas del metro hasta lo que no comen les hace daño
844,cómo siempre este gobierno gastando en frivolidades
845,ninngun chile les embona
846,El colmo...
847,si no les gusta que no se suban
848,es decoración para el día de muertos. pues que no están chig y chig que con tiempo se hace todo jjj
849,no más gastan dinero a lo tonto hay prioridades
850,"No sé, no me convence ¿Es un estilo moderno, clasico, futurista, mexicano (ajolotes), minimalista... ?."
851,porque nos tocó el gobierno más pen@#% en serio
852,les falló un poquito la imagen... querían dar el gatazo de una estación en Moscú... mejor hubieran intentado copiar una estación de New York... para eso no hace falta presupuesto y pudieron haber presentado una estación estilo primerísimo mundo
853,GOBIERNO RIDÍCULO
854,cómprate tu carro para no padezcas esos inconvenientes y viajes como mejor te plazca
855,"Eso tiene años, nadie ha hecho nada para reparar las filtraciones"
856,"Las estupideces de los gobiernos de Morena, no tienen límites."
857,Es una VERGÜENZA
858,"la primera marcha en la que se les ocurra voltear a ver los candiles, lámparas o vitrales y ya era...el metro se debe planear para lo que es, mover masivamente a gente de manera segura y eficiente...esto no abona a esa misión."
859,sí se quejan cuando el metro cerró para la remodelación visual..!! ahora si tuvieran que reparar todo desde cero?. imagínense.... estuvieran peor.
860,gobernado por morena
861,"Y de hecho si llega a ganar en el siguiente PRI o pan estará igual no cambiará nada eso es un hecho , el metro está igual de siempre , entonces cuál es la sorpresa aúna si todos mienten más bien ustedes que creen"
862,Es la transformación de 4ta
863,"Exactamente; esas goteras son de miedo!. Hace unas semanas pasé por la estación Pino Suárez y justo en el tramo de la correspondencia se vino una parte del techo, acompañada de agua y cascajo... En Allende se vinieron unas vigas y a gente que iba bajando, otras subiendo les cayeron encima las vigas... Lo de menos es lo espantoso que están dejando las estaciones. Si no el peligro al que a todos nos está exponiendo el gobierno. Obvio un ingeniero lo puede explicar mejor; pero lo que han hecho es tanto como quitarle el ""alma"" a un ""zapato""... Qué Dios nos cuide a todos!"
864,quién aprobó esa mmd
872,@Claudia Sheinbaum Pardo
883,Cuánto a que los olvidan y después ni van a servir
884,"hay que saborearlos, pintarlos etc"
885,La bronca no son los baños la bronca es que la gente no sabe cuidar y ps la verdad por eso no podemos tener cosas bonitas
886,"para que cobren $10 como ahora ya en muchos lugares, sucios y el papel aparte."
887,para eso si ahí lana no Pero para que aya agua y pavimenten para eso no ahí que poca tienen
888,La gente no entiende que no entiende y aparte no cuidan nada
889,"para los que se quejan de los baños así, seguro es por qué no han visto los baños públicos de Amsterdam jajajaja"
890,Van a terminar vandalizados y por lo regular sin funcionamiento
891,No deverian estar cerca del estadio
892,Weeeeey está bien exactamente para eso para nesecidades de las personas y espero que si cobren aquí tiene que ver mucho la educación del hogar
893,ni los baños públicos tendrán activación económica jajajaja este mundial es solo para unos cuantos.
894,"Me recuerda a las mamás (no todas) cuando va a llegar una visita limpian toodo a fondo, la mejor vajilla, los manteles mas lindos, copas etc. Pero cuando no hay visitas usan la vajilla ya despostillada, los vasos desiguales, los manteles viejitos, etc. Algo asi esta pasando pero a gran escala"
895,Cuando meterán presupuesto para medicamentos en hospitales vlnv
896,"la gente dice, no me gustan, prefiero cagar en una bolsa"
897,no al mundial por el ebola
912,"Mejor que inviertan en medicamentos, búsqueda de desaparecidos, seguridad y escuelas!!!! ya es un cinismo el del gobierno"
