,comentario,rango_humano
0,Que ese día no haya clases? Porque el futbol es tan importante .,2.0
1,ni vengan es peligrosisimo,2.0
2,Que Miedo??????????,1.0
3,como se atreve si esta viendo el pais como esta,1.0
4,le faltó el aeropuerto de Toluca y el tren de Toluca a la CDMX y viceversa,2.0
5,pues si se escucha muy bonito pero hablando ya la verdad sin seguridad quien fregado quiere andar sabiendo que de un rato a otro te ponen el cuete,2.0
6,[Sticker] jajaja,1.0
7,Demasiada delincuencia y ella no ase nada no sirbe para presidenta,1.0
8,Ya no doña,3.0
9,"vieja rata ,y de seguro va a subir el impuesto por atender al turismo",1.0
10,"Y con las calles llenas de hoyos , socavones , ladrones , delincuentes , Tlalpan con dos carriles menos etc etc",1.0
11,nooooo creoooo,2.0
12,"Ya no se va hacer cambiaron de opinión No hay mal, que por bien no venga.",2.0
13,????????????????????????????????????????????????????????????????????????????????????????????????????????????????????????????????????????????????????????????????????????????????????????????????????????????????????????????????????????????????????????????????????????????????????????????????????????????????????????????????????????????????????????????????????????????????????????????????????????????????????????????????????????????????????????????????????????????????????????????????????????????????????????????????????????????????????????????????????????????????????????????????????????????????????????????????????????????????????????????????????????????????????????????????????????????????????????????????????????????????????????????????????????????????????????????????????????????????????????????????????????????????????????????????????????????????????????????????????????????????????????????????,3.0
14,ojalá no valla nadie,2.0
15,Los que opinan son de país que nunca han tenido un mundial,2.0
16,va... pero me van a pagar lo de mi trabajo y me van a llevar la despensa a mi casa... mas una compensación...jalo,4.0
17,eres grande precidentes ????,5.0
18,el país más inseguro del mundo eso deberías de aser con la seguridad de mexico acuérdate que por tu culpa ay millones de desaparecidos,1.0
19,K dijo,3.0
20,[Sticker] pues igual ni salgo pero del puro coraje esos días voy a salir,2.0
21,"y si mandamos una petición a la FIFA para que no haya mundial en México? cómo protesta, digo",1.0
22,yo voy a salir con mi familia y amigos!! aunque no tenga a que salír!!,2.0
23,[Sticker] pero porqué? si la movilidad está al 100,3.0
24,todo por eso hay que salir jajaj ????,3.0
25,Y van a ver todo el desmadre que hay en el país,1.0
26,???? el peor pais para ir de turistas no se arriesgen gente,1.0
27,Home office todo el año,3.0
28,??????,3.0
29,Y no les quedarán ganas de regresar con tanto policía corrupto y tanta inseguridad siento vergüenza,1.0
30,Ni mi ex se avergüenzo tanto de mi,2.0
31,no creo vengan muchos después del sorteo pues puro relleno y ninguna selección importante vendrá,1.0
32,cosas que literalmente nunca dijo ????????,3.0
33,????????,3.0
34,a cuántos vas a desaparecer?,1.0
35,pues si me.pagan y vacaciones pagadas ni salgo ??,4.0
36,Todo el mundial en México fue un grave error desde el comienzo... Y con cada declaración de Claudia la cosa se pone peor,1.0
37,[Sticker] Que salgamos dice,3.0
38,"que vengan , no sean negativos",5.0
39,Eso 5.5 millones de turistas q presumen mucho se van a quedar a vivir sin documentos,2.0
40,si pero hay mucha gente estorcion y delincuentes as al para detener la delincuentes primero,1.0
41,??????,3.0
42,Valió venga eso,2.0
43,Les dije!!! Ya se les olvidó el gobernador que renunciaron y todo ??,3.0
44,"En el aeropuerto de Felipe Angeles, esperé mi vuelo nos más por 28 hs.",3.0
45,Ivan !??,3.0
46,México es inseguro no vallan se arrepentiran,1.0
47,lo del home office esta bien para evitar el embotellamiento pero de igual forma porque prohibir salir solo para que los turistas no se incomoden?,2.0
48,Ya no habrá mundial por la inseguridad que hay en México,1.0
49,"El tren que menciona que está por el AIFA, es tren que viene de Pachuca?",3.0
50,con más razón voy a salir,2.0
51,No gracias esta dura la delinquencia,1.0
52,??????,3.0
53,"que te parece si previo al mundial optimizan los sistemas de trasporte para que la ciudadanía y los turistas no sufran por tráfico y otras averías constantes del trasporte público y vialidades, absurda!",1.0
54,"ya están pensando cuánto va irse a los bolsillos de cada uno de ellos, mentira que va hacer para mejorar en todo el país. o ustedes que opinan. ??",1.0
55,????????,3.0
56,"FiFA va cancelar el mundial mexico 2026 por la inseguridad, narkos, homicidios",1.0
57,??,3.0
58,jajaja y luego...?,3.0
59,No mija ya es diciembre.. el bono y pues no marcame enenero,3.0
60,"Y todas las ganancias que habrá en Jalisco, adivinen quien se las va a robar.? Boicot en Jalisco por los desaparecidos",1.0
61,??????,3.0
62,A pero no sé habla de la demanda ??,3.0
63,también van a detener las construcciones que están sobre paseo de la reforma,2.0
64,Que salgamos todos dice ??,3.0
65,Mi presidentaaa????,3.0
66,Ella nos pagará? Cubrirá todo nuestros gastos? .Sencillo hagan que sea seguro salir listo.,4.0
67,??????,3.0
68,??????,3.0
69,Que hagamos manifestaciones enfrente de los estadios a la hora de los partidos dice,1.0
70,ojalá lo cancelen aqui,1.0
71,"A ver como le va, mucha inseguridad.",1.0
72,"Hola, gente. Me gustaría saber qué tan seguro es México ahora mismo. Soy de España y quiero ir al Mundial en Guadalajara.",3.0
73,[Sticker] Que nos manifestemos dice,1.0
74,Como verg quiere que don Chuy que trabaja en la obra haga home office?,2.0
75,Lo que le debería preocupar es la mala imagen e ineptitud de su gobierno tanta inseguridad y desaparecidos x eso los turistas ni de locos usarán el metro saben q no es confiable y x eso están contratando autos blindados y seguridad.,1.0
76,"Yo cuando dijo eso:No ni mergas Yo cuando vi que decía ""Suspensión de clases"":Tiene mi boto",3.0
77,hiban a venir ??????????,3.0
78,ojalá no se arme aquí,1.0
79,Se van a rayar los policías ?????con tanta mordida q van a pedir,2.0
80,y a esos si los va a cuidar o como a los mexicanos????,3.0
81,Es como decirle a un niño que lo haga,3.0
82,??,3.0
83,Women,3.0
84,Esto sonó como un reto de salir más ??,3.0
85,"¿Y si mejor reparan las calles, mejoran el transporte público y todos los aspectos de movilidad en la ciudad para que no solo los turistas lo disfruten? Digo, es una opción, que mejor forma de aparentar ser una ciudad de primera, que siendo una ciudad de primera",2.0
86,"Que no salga ella, va a espantar a los turistas ??",3.0
87,Jajjajaja wue no mameeee,2.0
88,no mas eso faltaba,2.0
89,Espero que sea fake ??????????,3.0
90,@pelusokun ????,3.0
91,Es hora de comenzar el juego!,5.0
92,seguramente voy a vender jamón por home ofice,3.0
93,pues mientras me paguen mis días de trabajo yo con gusto me quedo a descansar a mi casa ??,4.0
94,"acoso que como turista quiero ver una ciudad vacía , si viajo es por la cultura",3.0
95,que salga? bueno,3.0
96,??????,3.0
97,"Me alegra, y verán en lo que convertiste México.",3.0
98,No gracias,2.0
99,"Si por eso quiero salir, para ver gente diferente ????",4.0
100,"Ya se hubiera remodelado el AICM desde hace años, si no fuera por el capricho de construir el AIFA",1.0
101,"nos pagarán por eso, yo me apunto, si me van a pagar bien",5.0
102,¡NO SE QUIEN LAS INVENTO!?????????? ???????,3.0
103,Ahora resulta que estar vivo en México es ilegal. 5.5millones me va conocer ! Que maravilla !!,3.0
104,cuántos dices que vendrán ??? dime,3.0
105,creo q porfin habla algo inteligente,5.0
106,no manches presidenta y como los vaz a mandar a cuidar mejor q sea en otro lado mi México es hermoso y ahora está en tinieblas,1.0
107,Ahora si los policías se van hacer ricos los weyes ??,3.0
108,excelente presidenta gracias ??,5.0
109,ni a palos,1.0
110,si no hay maíz no hay mundial ??,1.0
111,en Guadalajara también se le ocurrió la misma ide.....otez a Lemus ??,1.0
112,por mi esta bien pero que me aga un deposito de retiro sin tarjeta de unos 1.000.000.000.000.000.000.000.000.000.000.000.000.000.000 y ya veremos,3.0
113,Que estamos muy pinches feos,3.0
114,[Sticker] Usted tampoco querida,3.0
115,todos a salir de casa en junio...,2.0
116,ni mi ex me escondía tanto ??,3.0
117,"Queremos seguridad y medicinas, al pueblo no le interesa.",1.0
118,cuando pensó que era buena idea? ??,3.0
119,alguien dijo... que protestemos contra las desapariciones para que los turistas conozcan la realidad de México?,1.0
120,??,3.0
122,jajaja solo tonteras de este gobierno,1.0
123,Están viendo como esta México usted cree que vengan ??,2.0
124,Esa mujer piensa que puede controlar y jugar como juguete a las personas,3.0
125,Y la mentira jajaja,3.0
126,QUE HAGAMOS MANIFESTACIÓN DICE??,3.0
127,???????? con la inseguridad quien va querer ir a mexico,1.0
128,"Disculpa soy Mexicana, que no me quedé en casa YO así entendí ????",3.0
129,????????,3.0
130,va ser el mundial más aburrido sí es que no pasa algo canónico,4.0
131,Ok pero díganselo a mi jefecito porque me obliga a venir a la oficina,2.0
132,??????,3.0
133,Que ese diga hagan una manifestación dice,1.0
134,??????,3.0
135,??????,3.0
136,"yo aún me preguntó,que tiene de importante el mundial de fútbol? que da o en qué beneficia esa madre?",2.0
137,??????,3.0
138,"Los carteles se van a dar vida con los turistas, a quien se le ocurrió darle el mundial a México ? ??????",4.0
139,y regresando ya no están completo,2.0
140,Que acaso la FIFA no lo cancelo y va hacer ahora en EU ???,3.0
141,??????,3.0
142,"solo les recuerdo que una mujer perdió la vida solo por salir en busca de empleo, un enfermo desvivio a varias personas desde una pirámide de Teotihuacan y el metro de la ciudad está en su peor momento, RAZONES PARA MANIFESTARNOS DURANTE EL MUNDIAL SI TENEMOS",1.0
144,"como si fuera a venir medio mundo, para la miseria de partidos que se jugarán en México????",3.0
145,??????,2.0
146,cuántos secuestrados va haber...,1.0
147,si we dame dinero pa quedarme todo ese tiempo en mi ksa y paga netflix pa entretenerme erra,3.0
148,Eso me sono a reto...??,3.0
149,no creo que vayan ???? con el desmadre que trae doña limones ??,2.0
150,??????,3.0
151,y con ese recurso recabado aumentara la seguridad? para los mexicanos,1.0
152,Porque siento como que abra millones de personas muy pronto en las calles ????????,3.0
153,"[Sticker] chale, apenas q aprendí a comer con cubiertos y decir ""buenas tardes""",3.0
154,si me paga mis 50 que ganó en el trabajo por ir 6 horas al día me quedo todo el año jaja ????,3.0
155,??????,3.0
156,cómo ven si les podemos su mundial,5.0
157,??????,3.0
158,ya les diría que es mui inseguro,1.0
159,#claudianoestassola,5.0
160,"Pero primero seguridad, porque si no va a valer madre",2.0
161,Que salgamos dice,2.0
162,no lo creo q cuánto sinismo,1.0
163,"No loco voy a México, menos con la falta de seguridad, México necesita a @Lilly Téllez",1.0
164,"los que trabajamos en plazas, autoservicios, transportes públicos, etc, no hay que ir a trabajar para que no haya personal y Haci estén cerrados y que que lo sugirió la clara brugada",3.0
165,Que miedo . ATENCIÓN TURISTAS MÉXICO NO PUEDE NI CON SU GENTE MENOS CON TURISTAS,1.0
166,se salen de contexto ???????? pero siempre tirando tierra sus propuestas,5.0
167,[Sticker] Shiembaum diciéndole adiós a esos visitantes jajajaja,2.0
168,"soy mexicano. no vengan a México, la presidenta se está pasando de lanza, la inseguridad está canija.",1.0
169,chsm,1.0
170,"[Sticker] que hagamos una manifestación, dice:...",1.0
171,????,3.0
173,??????,3.0
175,??????,3.0
176,que salgamos dice,3.0
177,Q hagamos manifestación dice,1.0
178,"[Sticker] Creo que esos días le voy a pedir a mi jefa que no sea home office ??, a ver a donde salgo",2.0
179,Normal mente ando en mi cueva pero esos días estaré en la calle todo el prro día,2.0
180,No venga por esta presidenta vale pa pura verg por favor ni vayan,1.0
181,esta feliz porque van andar ocupados sus patrones del cartel ahora si llenaran las fozaz,3.0
183,En conclusión tendré más dinero y como es obvio no lo compartiré con el pueblo,3.0
184,"[Sticker] Oigan esa mmda,,, es neta que lo dijo",3.0
185,con las ganas sequedaron ya esta confirmado no habrá mundial en México la culpa la tiene la presidenta por la inseguridad que se vive,1.0
186,Y con tanto campo de exterminio señora,1.0
187,Presidenta ??,5.0
188,no puedes con los mexicanos ??,1.0
189,Urge la Revocación de Mandato,1.0
190,mujer tenía que ser,3.0
191,Parece perfecta idea para desviar la atención ??,1.0
192,no iba a salir pero ahora como que me están dando unas ganas de ir al ángel de la independencia varios dias seguidos,3.0
193,??,3.0
194,se van a dar cuenta k estamos.de.la ve.rga ... y k su gobierno es de la mierda..,1.0
195,jaja cierren negocios para disfruten el mundial,3.0
196,Cd Juarez ya no existe el turismo como antes que Ivan gringos de Texas New Mexico Denver pero no le inporta cd Juarez Chihuahua,1.0
197,"Seria glorioso que la FIFA anunciará que no habrá mundial por la inseguridad, para ver qué dice la incompetente de Claudia y sus solovinos del bienestar ??",2.0
198,"Claro vamos a salir más esos días, porque así somos los mexicanos.... ??????????????",3.0
199,fijate que no estaría mal yo trabajo de didi podré aaer home Office desde mi casa,3.0
200,De eso si tiene información y hasta con detalle la señora pero qué tal de la inseguridad.,2.0
201,Sigan esperando????,
202,El punto medio lo entendí pero fue muy mal planteado xdd,
203,ya escucho jefe... que no voy a poder salir??,
204,Uff Monterrey tendrá turistas jajaja (humor llorones),
205,No creo así como está la delincuencia y tú no quieres hacer nada más que abrazarnos??????????,
206,que? que quiere manifestaciones??,
207,Quien se le antocaja de plantón esos días traemos carnitas asadas,
208,mejora la seguridad primero??,
209,??,
210,que nos paguen y así no salimos ni a tocar la luz del poco jajaajjajaja,
211,"y si mejor van y limpian los ríos, arreglan las calles, remodelan parques abandonados en vez de un mundial que solo traerá contaminación y gente, YA SOMOS MUCHOS!",
212,no que la gentrificacion,
213,con el peligro k los secuestren ??,
214,y cuántos van a regresar con vida a sus ciudades?,
215,??????,
216,ya me ví en el Oxxo Bailando con las de brasil,
217,"Sale, entonces me muero de hambre",
218,Yo a México no voy ni aunque me paguen el viaje todo pagado ?,
219,y como tienes esos datos si aún no pasa. y apoko ???? va estar como los tuburios esperando clientes pa poder ganar todos jajaja.. si me entiendes nO!!????,
220,??????????????????????????,
221,las soluciones del Bienestar.,
222,[Sticker] que nos manifestamos?,
223,manifestación ya yeaaaaaa,
224,nunca salgo pero ahora saldré nadamás para jod3r jajajajajajaa,
225,"que le pasa, iba a aprovechar para salir más jajajaja",
226,"Que gusto me va a dar que en pleno mundial le cierren avenidas, que protesten, que vean que el país se está cayendo",
227,como cuidara a esos visitantes??? ??????,
228,??????,
229,"[Sticker] JAJSJA lo q dijo erick gerardo es comp decir q no es agua es H2O, JAJAJA ES LO MISMO PERO MAS FINO",
230,"tanto se la pasaban criticando a díaz Ordaz de la masacre en Tlatelolco y a si le valió y se efectuaron las olimpiadas del 68"" ahora que otra vez hacen lo mismo sabiendo que estamos viviendo días de violencia",
231,Donde esta el sticker de que se vaya a la... ??,
232,si mataron al alcalde de México ella no dijo nada imaginarse a los turista pasa nada.,
233,q salgamos dice,
234,Que miedo ir a México,1.0
235,Mejor más hospitales en vez de gastar en tonterías,
236,Y pur culpa de la disque presidente ya no se va hacer,
237,abajo el mundial,
238,y tiktok inundando de turistas diciendo y aconsejando que no vayan a México por el tema de la inseguridad y por qué todo está carísimo ??,
239,ojalá y dios quiera que nada malo les pase a esos visitantes digo por como está la inseguridad no valla hacer que terminen o desaparecidos o secuestrados,
240,CREO QUE QUIERE MANIFESTACIONES,
241,Que no compren el VAR,
242,eso antes debieron de preveer,
243,hay que hacer una tendencia para que fifa se lleve el mundial d3 México,1.0
244,[Sticker] les damos vergüenza ???,
245,y va a ir a tulam ??,
246,uuy ya saben como nos encontramos los MEXICANOS con esta mal dita inseguridad mexico se desangra ahora la corrupcion nise diga,
247,GRACIAS PRESIDENTA TIENES TODO NUESTRO APOYO,
248,Ese nivel de inteligencia siempre eh pensado que tienen los políticos ????,
249,"yo por molestar si no salgo , saldría por decirme que hacer",
250,ahorita no estamos para esas cosas que se cancele,
251,keeeeeeeeee ???,
252,Yo no quería trabajar esos días pero creo que hasta caminando me voy a ir ??,
253,"México no , lo quieres tu ??",
254,deme $40000 a la semana mientras dure el mundial y tenemos trato,
255,lo que dice es que ese día los niños no tengan clases y que la gente trabaje en Home Office para que puedan disfrutar del mundial,
256,Que salgamos dice ??,
257,Ya se le olvidó lo de cambiar los Manzo,
258,"mis amigos y familiares que viajan s México desde Estados Unidos... regresan sin ninguna novedad, sanos y sin razguños y con mucha mercancía mexicana.",
259,lastima que en México es un país muy inseguro para los turistas,
260,??????,
261,pues uno de los atractivo turístico de mexico es la gente por que somos cotorros amables divertidos si no no van a tener la experiencia completa,
262,[Sticker] Como cuando te llevan de comer al sótano para que no salgas y avergüences a la familia.,
263,El Peso de la Copa,
264,déjame adivinar es otra frase sacada de contexto verdad?,
265,solo entendí que quiere ptzs,
266,"Ps tiene un punto, si todos salen imagínate el desastre que causaría la hora pico",
267,quién dijo eso que CHSM,
268,"no me agrada mucho salir, pero nomas por eso me voy a ir a dar la vuelta ??",
269,??????,
270,no debe haber ??,
271,que miedo ir a México y eso que soy de México,
272,Ora si yo voy a disfrutar de ellos ??????,
273,[Sticker] que salgamos dice,
274,@????ana ????gomez,
275,ojalá que todos lleguen bien de regreso a su país xq aquí en México hay magia se desaparece la gente,
276,que no es por eso sí no para no tener un impacto ambiental peorr,
278,concuerdo con ella,
279,y cuantos regresarán salvos a su casas,
280,y mi me darán home office esos dias asi por mi bien,
281,"Cancelar clases cuando lo mejor es perder clase ""viendo"" el partido con amigos????!!! (al menos yo no lo veía, yo me ponía a platicar con mis amigas xd)",
282,La barredora se está frotando las manos,
283,"es como si te dijera ""no salgas de tu cuarto, para que la visita se sienta agusto"" bro, aquí vivimos",
284,Hay paises donde suele ser al revez ??,
285,que salgamos a las calles a manifestarnos dice ??????,
286,Sólo me parece bien lo de las escuelas por temas de seguridad a los niños,
287,??????,
288,Es encerio! Es mas importante el mundial,
289,Qué manera de dejar de un lado todo lo que estamos pasando,
290,Van a ir 5.5 millones y como están las cosas van a regresar 2.7 millones hahaha,
291,perdón!!?? cómo esta eso???,
292,manifestaciones manifestaciones,
293,entendido! que salgamos todos ??,
294,[Sticker] ¿QUEEEEEE?,
295,"Ya no, me parece que cancelaron por la inseguridad y solo será en USA y Canadá",
296,okey a hacer marchas entendí perfectamente ??,
297,y la inseguridad,
298,"no,no y no",
300,o creo con tanto desorden que hay,
301,me gusta la idea pero solo si se pagan esos dias en los trabajos como dias de vacaciones,
302,"a cerrar estadios, aunque nos cueste que en México nunca haya mundiales.",
303,??????,
304,[Sticker] que hagamos fiesta en las calles dice?,
305,Entonces no van a ir a trabajar? Todo estará cerrado?,
306,yo entendí que durante ese tiempo salga todo el día??,
307,para que los roben ya sea los policías o los mismos delicuentes,
308,"Pon el video o la nota , un foto con un escrito como prueba ? ??",
309,Dice que todos salgamos a manifestarnos.,
310,se han dado cuenta que cómo quieres sabotear el pri y el pan los eventos y así todavía creen que alguien va a quererlos tener en la presidencia,
311,A cuántos de ellos los van a ?? por la inseguridad de México,
312,los que vayan cuidence mucho por la casa inseguridad ??,
313,Y para cuando lo de Carlos Manzo,
314,me han dado ganas de turistear mi ciudad con todos mis amigos y familia??,
315,mujer...,
316,[Sticker] Cómo ella pensó que reaccionaríamos todos los mexicanos:,
317,??????,
318,y tú regandola,
319,"todo aquel que quiera venir nuestro bello México todos sean bienvenidos, dejen de ver noticias amarillistas y tik tok, en todos los países hay inseguridad.",
320,Que dice Helen? ??,
321,jajaja viva morena jajaja jajaja,
322,"LE PREOCUPA MAS EL MUNDIAL LA SEÑORA, QUE EL PAÍS ESTA MAL",
323,Nuestra oportunidad para manifestarnos ??????,
324,cuánta lana tubo que soltar o acaso es otra cortina de humo para no Aser la marcha el 14 o 15 de noviembre ??????,
325,[Sticker] PS ahora salgo más y con pancartas en mano,
326,cuantos muertos pueden haber???,
327,yo solo escuche que salgan,
328,??????,
329,Dios quiera y los otros Paise se unan y mo vayan.. Muy muy peligroso Mexico.. muchos cuidado!!!,
330,No olvidemos a Carlos Manzo,
331,Pobre de ellos ojalá no los maten,
332,bueno empiece por cancelar las citas en imss,
333,que salgan todos y muestren el hermoso tráfico de la vida diaria ?????,
334,y de que sirve si los impuestos del mundial van a correr por cuenta del pueblo,
335,??,
336,Y Ciudad de México sin Aeropuerto con capacidad para el mundial ??,
337,??????,
338,[Sticker] Que hagamos de las nuestras dice,
339,México,
340,jajajajajaja suerte con las empresas que hacen producción,
341,Jajajja me sentí como bebé paloma escondido por que le avergüenzo a mis padres jsjsjsjs,
342,??????,
343,nunca le digas a una persona que hacer porque siempre hará lo contrario y peor??,
344,que muero ir a México,
345,sorry nosotros no iremos ????????,
346,Visitantes se escribe con m de mujer ??,
347,Y el aero puerto de San Miguel Allende,
348,Por 3 pinches partidos . ??,
349,"a bueno si ellos nos van un cheque de 100,000 pues no salgo para que no vallamos a trabajar y nos paguen las renta el agua la luz comida ??",
350,"si no salgo de mi casa, como crees que le voy hacer para probar el producto extranjero????",
351,Y la seguridad ? Dónde quedó??????,
352,Habló el experto,
353,??????,
354,y cuantos de esos volverán ah sus hogares?,
355,"Es que no van a terminar los arreglos del transporte a tiempo y no vamos a caber en los rtp, metro ni Mexibús",
356,ya cancelaron El mundial para mexico ya esta confirmado los partidos seran en estados unidos y Canada en mexico no ay seguridad,
357,Que miedo ir a Mexico es uno de los países mas peligrosos de latinoamerica,
358,ara eso si ahí dinero pero para proteger al pueblo ni madre dice,
359,"Suban la información bien, si lo dijo por escrito suban las capturas, si lo dijo en un en vivo suban la parte del en vivo. Si van a informar, informen bien.",
360,"yo no iba a salir, pero ahora me veo en la necesidad de salir esos días ??",
361,"no hay que ser groseros, me dice mi mamá que cuando haya visita tengo que salir a saludar",
362,Si no te cancelan el mundial ??????...,
363,"Como tal no digo eso, pero lo peor es que si lo da a entender ??",
364,????????????,
365,cómo e dicho no porque sean de Morena quiere decir que son buenos políticos. eso hubiera pesando antes de el mundial como solucionar ese problema,
366,awuiwi quiero ver manifestantes ?? es la más perfecta ocación,
367,así hubiera invertido en los hospitales ????,
368,JAJAJKAJA neta no es rage bait???,
369,revocación de mandato,
370,Y QUE TAL SI MEJOR RENUNCIA,
371,??????,
372,??????,
373,??????,
374,[Sticker] Que una manifestación dice,
375,Nmms jajaja,
376,"todo por eso tlaloc hará lo suyo , lluviaaaa",
377,??????,
378,??????????????,
379,@FIFA ojooo México está super insegurooo !,
380,Ablan de todo menos de Carlos Manzo,
381,No ma no que iban a suspender neta que vergüenza,
382,PRIMERO MÉXICO Y DESPUÉS EL DINERO!! Ya no tenemos medicamentos y la delincuencia EL DIA DE HOY NO ME DEJA TRABAJAR!!! No necesito un mundial. NECESITO UN MEXICO SEGURO!! Para recibir ingresos HOY!!!!,1.0
383,tenía que ser ??,
384,"La policía se frota las manos , de imaginarse ??????????",
385,[Sticker] que ?quiere que agamos manifestaciones,
386,jajaja qué mmada jaja,
387,"La cancion de ""la carencia"" de panteón rococo fue lo único que se me vino a la cabeza al leer esto",
388,manifestación !!!!,
389,En Jalisco van a suspender clases para que no haya tanta gente en la calle ??.,
390,Y crees claudia que deja mas dinero un mundial que todo inmigrante mandando dinero a mexico y visitando a nuestros pueblos ciudades y ranchos año con año ? Claro si trabajaras en mejorar la seguridad del pais primeramente !!!!!!!,
391,#TURISTANOVENGASAMEXICOPORTUSEGURIDAD,
392,??????,
393,[Sticker] QUE SALGAMOS DICE!!!,
394,oigan tienes razón hay que hacerlo así que los vendedores ambulantes los que venden los tacos los que venden en turismo todo lo que tenga que ver con trabajos sin importar que nos vamos a hacer esos ya sin trabajo así que los turistas pueden explorar pero lástima no se podrán llevar recuerdos porque nadie va a trabajar esos días ni los que venden para los turistas Pero qué se les puede hacer hay que respetar porque es buena idea,
395,Cuba?????,
396,????????,
397,??????,
398,"Ojalá cancelen la FIFA, a menos de que hagan algo con su narco gobierno",
399,300dlls al día y hablamos,
400,jajaja,
401,"a webo, las nuevas soluciones bienestar",
402,ya los conto??,
403,mil veces aldita Claudia,
404,????????,
405,Y van a trasparentar todo el ingreso o lo repartirán en la nómina de MORENA?,2.0
406,que dijo que salgamos todos para que nos vean los turistas jajajajaa,
407,si me dan para ir de vacaciones yo con gusto me largo los días para los que me alcancen,
408,No gracias,
409,si tan solo hubiera empezado el aeropuerto de peñas nieto otra casa sería.,
410,que nos manifestamos dice,
411,Como le van a hacer para darle servicios.?? El aeropuerto apenas puede mover a los locales,
412,y quién va a poner el ambiente ???????,
413,para todos los que dicen que la inseguridad... pues de una vez les informo que .. ya todo está en carpetas de investigación.. asi que no se preocupen... y para el. mundial .. habrá un chingo de seguridad lo que jamás en años se ha visto... ya lo verán para ese día México será diferente solo en lo que pasa el. mundial ja,
414,"cuantos turistas ya no regresarán a sus países, así como está la inseguridad en México ????",
415,km mexicano no me gusta q compartamos mundial con EU Y CANADÁ me parece injusto siempre a sido d un solo país los mundiales q poca m...,
417,"ESTA MUJER S VE ENFERMA, SE VE QUE NO HA DORMIDO!!!",
418,creo que no es la persona indicada para decir eso ??,
419,sino nos pueden cuidar a nosotros menos los turistas,
420,Ni de loco voy a México,
421,[Sticker] mi mamá diciéndome que no salga de mi cuarto cuando hay visitas,
422,lo tomaré pero me ofende muchísimo y por que no dejarlo así después del mundial?,
423,Que valor de los turistas,
424,@JustAnOrangeCat @Hake406 @Gámez U ´? ` U @MuffinTime,
425,"Y con un país lleno de inseguridad, como le harán????",1.0
426,jajaja para decir en mi trabajo que me dieron permiso de faltar,
427,De por sí ya es un caos la CDMX ??,
428,Todo muy bonito pero ojalá no sean víctimas del crimen organizado. No pueden brindarnos a nosotros seguridad menos a los turistas.,
429,[Sticker] que salgamos dice ????,
430,Cómo que me dan ganas de salir en pijama y despeinada todo el día,
431,????????,
432,[Sticker] Que hagamos fiesta al lado del mundial dice,
433,más bien salgamos hay que disfrutar de los turistas,
434,"[Sticker] YO NO QUERÍA SALIR PARA EVITAR EL TRÁFICO, ahora tendré que salir",
435,??????????????????????,
436,??????,
437,¡No salgan de sus casas para que no asusten a los turistas faltó decir!...??,
438,Ya quiero ver a esos Futbolistas ??????,
439,cómo que suspender clases ?? en mi niñez el maestro nos puso a ver el partido en el salón de clase ??,
440,Pobr3s Turistas que no volverán Asus países en un país peligroso que se le ocurrió hacer mundial a FiFa ????,
441,[Sticker] que salgamos entendí,
442,[Sticker] yo tengo otra idea,
443,wuuaaaooo excelente ????????,
444,wey jajajajaja hace meses estada asiendo burlas de eso con mi familia y ahora resulta que se hizo realidad ??,
445,p,
446,"no soy alguien de salir mucho, pero ya estuvo que esos días si o si voy a estar en la calle",
447,Soy mexicano y ojalá cancelen el mundial en México,
448,La marina de estados unidos va a visitar a Mexico ??,
449,"Detesto el futbol, y no me gusta salir, pero que les parece si esos días, nos organizamos y salimos todos Solo por molestar",
450,que quiere una manifestación,
451,??????,
452,Mientras me paguen mi salario no hay pex me quedo en mi casa,
453,??????,
454,"que quiere manifestaciones, dice",
455,Se me hace una falta de respeto?,
456,??????????,
457,cómo sabe que le pago sus viajes o que? de dónde saca ese dato????????,
458,"por qué se quejan? es una sugerencia aceptable, va a ser un maldito caos la ciudad",
459,hay que bendición trabajar desde tu casa bien cómodo,
460,Pobres turistas. van a venir con un chingo de miedo. ya que morena está con la delincuencia.,
461,Está horrible viajar en México el tráfico está horrible y la inseguridad,
462,Hay que sabotear el mundial,
463,Demasiado peligroso yo jamás viajo a México aunque me encanta mucho el Paiz pero muy peligroso.,
464,si me dan el día en mi trabajo va,
465,cómo que me dan ganas de viajar a CDMX ese día,
466,[Sticker] Mi humilde opinión,
467,@Clara Brugada,
468,[Sticker] Osea vamos a salir,
469,si me pagan esos días con gusto no salgo ni a tomar la Luz del sol,
470,[Sticker] ahí que salir solo molestar quien está conmigo,
471,En verdad está sra. está de jefa de gobierno?????,
472,Acuerden va aver secuestros también con esta presidenta ????,
474,??,
475,si me dan 500.000pesos y uno taquitos de pastor lo ago con gusto,
476,Es broma verdad ??,
477,"Entonces los comerciantes, guías turísticos, restaurantes, hoteles y demás no abran y disfrute su día en casita :)",
478,Que miedo ir al mundial a México,
479,God Bless Mexico ???? ????????????????????????,
480,como si estan cerrados los aeropuertos.???????,
481,ni mi casi nada me ocultó así,
482,Es broma verdad?,
483,"[Sticker] Pues usted no me manda,.",
484,cosas que nunca dijo,
485,"a caray, y quién nos va a mantener.",
486,Yo creo que ya no vendrá nadie ??,
487,"Soy de Guadalajara y me da vergüenza de cómo está de sucia la ciudad, sobretodo en zonas como la americana y zona centro, quitaron los botes de basura ?? según porque ya no les pagaron la concesión. Alguien sabe algo de esto?",
488,Cuantos vuelos va a recibir el AIFA ??????,
489,[Sticker] oilaaaaaa,
490,no es mala onda pero va haber un robadero y ahí la gárgola se va hacer la que no sabe como es su costumbre,
491,Hay q salir todos ????????,
492,será el mejor mundial y el pais muy hermoso,
493,A ver si no los desviven,
494,pero hay que salir a ligar,
495,[Sticker] Todos saliendo a las calles ??,
496,que smosh en la plaza dice,
497,@Oscar Ceh ??,
499,si y van a mirar el desmadre que tiene México y aver si no se los levantan,
500,[Sticker] Que salgamos dice,
501,a si como está la seguridad no creo,
502,"Pero si solo habrá 13 paridos y varía de local de México , dudo mucho con todo respeto que haya más de 1 millón de personas",
503,y la inseguridad,
504,"Habiendo cosas más importantes, se pone a hablar de pendejadas*???????? fuera morena",
505,[Sticker] ni mi mamá se avergüenza tanto de mi,
506,"Soy de la CDMX pero la verdad que ni vengan , esta mujer debería ver mejor la seguridad de mi país antes de todo si es una basura de seguridad",
507,??????,
508,iban a venir,
509,Ya lo dijo Fox: -cenas y te vas ...,
510,y a esos también los va a desaparecer?,
511,??????????????????????????????????????,
512,[Sticker] que nos manifestamos? va,
513,"Como que ya me dieron ganas de trabajar e ir a la oficina esos días, y lo mejor está a la vuelta del estadio ??????",
514,que salgamos diceee,
515,2 de octubre no se olvida,
516,Y usted cree que la gente va a ir después de todo lo que está pasando en México ????,
517,[Sticker] Dice que hagamos manifestaciones?,
518,"ni iba a salir porque que hueva y que oso el fútbol, pero adivina qué, mi ciela",
519,"De miedo de los narcos, yo no iría, ni aconsejo que vaya nadie con ese narcogobierno y corruptos",
520,Ya lo canceló FIFA se va para Canadá oh EEUU,
521,queeeeee carajos ay que salir más y ASER ver al mexicano que somos viva México lindo ??,
522,Televisa he hechara a perder con sus jugadores el evento ya se sabe!!,
523,la FIFA ya cancelo por mucha inseguridad en México,
524,pues por ahí dicen q la FIFA ya no quiere ir a México,
526,Con el simple echo de ver esa calaca ninguna noticia es importante puro circo ?? no me arrepiento de no aver votado por ella ??,
527,Ya saben si vuelven a votar por una mujer ????,
528,No sería mejor reparar el metro para que todas las líneas y las unidades estén en funcionamiento.,
529,"yo tengo una mejor, y si todos los locales se cierran ??",
530,????????,
531,Mate eso nunca pasó,
532,chin tiene que hacer un fuerte gasto para el mundial ojalá que con eso se pueda recuperar la bolsa,
533,Mejor invertir en las carreteras de los pueblos,
534,Teotihuacán 20 de abril dando una buena imagen a los turistas ??,
535,jajajaja que los trabajadores tampoco salgan para que los turistas disfruten ????,
536,lo más gracioso que dijo qué vara movilizar en transporte público o a los turistas,
537,"?? Claro , meto a mi cuarto de servicio ??, en lo que los invitados andan en mi casa .",
538,"ahora resulta que, ni en mi propio país me quieren ??????",
539,A cómo está la inseguridad no creo que lleguen,
540,"no lo dijo exactamente con esas palabras, pero es lo que dió a entender",
541,"Es familiar de la que dice que si no pueden comprar gasolina premium, que compren la magna ??????",
542,Y no le da vergüenza tanta inseguridad?,
543,????????????????????,
544,"si me pagan con gusto no salgo es más ni abro las ventanas , oh pero que no me lo quiten de mis días de descanso, oh y que me den mi despensa por qué no como aire ,",
545,con la inseguridad no creo,
546,??,
547,HOY SOLO SE HABLA DE FUDBOL,
548,Ya un político habla de eso? esas noticias son para canales de noticias,
549,uuufffff!!! que complicado si en México desgraciadamente la inseguridad es el tema más importante,
550,?????????? Y LUEGO A MTY ??,
551,soluciones del bienestar,
552,uyyy los meros estados q goviernan los malillos cuidadooo cuidadooo.,
553,"Deberiamos de evitar que el mundial lo hagan aqui como manifestacion a su asqueroso gobierno, a la inseguridad, a la corrupción, a la falta de medicamentos, si no puede cumplirle ni a los mexicanos en materia de seguridad, que les espera a los extranjeros ????",
554,a vaya en nuestro país ya no vamos a poder salir ??????,
555,@Clara Brugada ??????????????????????????????????????,
556,y para que si la seguridad del país está mal y aparte los policías ?????solo los van a infracciones por cualquier cosa no ai tolerancia de nada ojalá no venga nadie el trafico horrible hoteles caros con toda la reducción de carriles nunca llegarán a los partidos,
557,Es es el problema: dar una buena impresión de México. Eso significa que no damos buena impresión. La pregunta es que ha hecho el gobierno para cambiar eso? ??,
558,"YA SE DIJO SE SUSPENDE EL MUNDIAL 2026 POR SER UNA PAIS MUY INSEGURO, SERA EN EEUU EL MUNDIAL",
559,La neta nose porque Mexico se sigue estando en el top paises mas visitados del mundo y vienen literal de Europa y varias partes del mundo segun estatisticas apesar de saber lo Inseguro que es siguen yendo,
560,??????,
561,ahora de puro coraje saldré el día del mundial,
562,Pero si mis papás me obligaban a salir de mi cuarto para saludar a la visita ??,
563,"creo que no entendieron jajaja aparte es el punto de vista, estuve viendo más no investigando , se dice que esto se hizo por el impacto ambiental además de que ya está tan bien jodida la CDMX lo quieren aprovechar para visibilizar más lugares del país por lo que sería más un ""dispersar el turísmo por todo el país "" e impulsar la economía local si no me equivoco. si me equivoqué discúlpenme y los invito a investigar y corregirme",
564,Será una cortina de humo,
565,Para los turistas si va ver mucha vigilancia y para los mexicanos que sigue la inseguridad ????,
566,"Mientras me den unos 1500 diarios qué es lo que gano al día, no salgo ni a la esquina",
567,que molestemos a los turistas dice !,
568,??????,
569,"Y por eso es que está viendo de dónde sacar dinero, subiendo impuestos, poniendo impuestos nuevos, dejando a la salud sin medicamentos, pero falta que la FIFA quiera por la violencia que hay en México",
570,Pobres! Que le piensen para venir...uno como quiera ??,
571,????,
572,No creo,
573,"NAA. A ESE NARCOESTADO, NO SEÑOR",
574,México no es seguro,
575,Todos hay que salir a manifestarnos de todas las cosas malas que hay en México ????,
576,"¿Y si mejoran la infraestructura de la ciudad? ¿Y si mejoran los caminos? ¿Y si mejoran el transporte público? ¿Y si ponen primero a peatones y ciclistas, en vez de los vehículos? Ahora la culpa es de nosotros ??",
577,que lo cancelen ?? no queremos futbol queremos seguridad en todo Mexico,
578,vamos todos a hacer manifestación por todos lados??,
579,y dónde madres los vas a meter si no puedes con el caos del periférico,
580,que van a cerrar reforma que que,
581,mexico mejor que nunca solo CLAUDIA SHEINBAUM ??????,
582,el aifa,
583,Estás segura ?,
584,se va a quedar con las ganas de ver eso,
585,Ni mi ex se avergonzó tanto de mí ??,
586,Uno con gusto. La cosa es si mi trabajo lo vea así jajajaja ????????,
588,inversión para quien mejor invierte en la ceguridad y gente te gastas menos,
589,Qué maravilla! los locales encerrados para que los turistas tengan la ciudad sola ¿Alguien le explica que esto no es un parque temático?,
590,que no salgan todo el año mejor ??,
591,que me pague el día en el trabajo y no salgo ni a la esquina,
592,Que saturemos la ciudad como si fuera hora pico ??,
593,Carlos Manzo,
594,Para que los regales a tus chairos,
595,ocupó 5 personas para agarrar unos 3 árabes ?????salimos de pobres por qué salimos??,
596,ahorita con lo que está pasando lo dudo ??,
597,yo escuché que cierren las vías principales,
598,??????,
599,@,
600,Mejor le hubieran puesto aeropuerto Maximiliano de Habsburgo o Aeropuerto Emperatriz Carlota,
601,vivo en México y tengo miedo de salir jajaja,
602,No comenten nada porqe les abre una ?? ??,
603,Cortina de humo por lo de Carlos Manzo,
604,no cabe duda que estos gobernantes son un meme sin sentido,
605,creo no se hará ya,
606,"buena idea ,mala explicación de ella",
607,por eso urge tapar la inseguridad,
608,NO QUEREMOS MUNDIAL QUEREMOS SEGURIDAD,1.0
609,No creo la FIFA ya lo cánselo porque que tu gobierno está manchando de sangre Claudia ????????????????????????????????,
610,terror ir a México ????????????,
611,Jajajajaj,
612,??????,
613,[Sticker] que???,
614,ya ni mi ex cuando m presumio en cf??,
615,"Uy sí, se ve bien orgullosa ??. Para el mundial claro que hay remodelación, ahí sí todo es rapidísimo. Pero para los mexicanos que llevan AÑOS pidiendo mejoras, nada: baches, inseguridad, policías corruptos y todavía lo presume como si fuera un logro enorme. ??",
617,Yo estoy de acuerdo: que los que trabajan en gobierno no salgan de sus casas para que no nos dejen en ridículo y los turistas disfruten. ??,
618,no creoooooo??????,
619,aún país lleno de violencia,
620,no puede con los del pais podra con visitas??,
621,ojalá y lo cancelen,
622,Como que me dieron ganas de salir de mi casa,
623,y la ciudad está hecha una cochinada,
624,Noo y todas las cosas que pasan como lo de Teotihuacan no dan una mala imagen de como está el país ??,
625,para 10 partidos,
626,Si la FIFA está considerando quitarle la cede por la inseguridad jajaja que se puso a hablar,
627,yo no iria mucha insegudad,
628,Mejor lo veo aquí en Canadá!,
629,Depende si me pagan ni me asomo fuera de mi casa,
630,No la chinguen ajjsjsjs,
631,Soy de Perú,
632,Si me dan Home por mi bien pero que sea todo el año ALV,
633,"Ni me gusta el fútbol, pero por mis ovarios qué esos días, afuera voy a estar",
634,??????,
635,q me pague y no salgo,
637,que vergüenza que se descarrile el tren,
638,??????,
639,que nos espera a todo allá? bueno,
640,cuando no sabes lo que es trabajar y solo estirar la mano,
641,A quien se le ocurrió esa brillante idea? ??,
642,No por qué se desaparecen JAJAJA,
643,nunca voy para la cdmx pero como que se me antojo ir a hacer una protesta justo por esos días del mundial,
644,Ojalá y no se haga de chidos,
645,[Sticker] ahora con mas razón voy a salir,
646,??????,
647,pero .no abra balazos ?? ose abrirá una investigación??,
648,??????,
649,[Sticker] Demuestren su talento chicooos ??,
650,si fifa no pago impuestos que no vengan,
651,??????,
652,pero los vuelos para bajar a cdmx en los dos están muy caros para bajar desde tijuana yo compre a morelia m salio la mitad q iva a pagar de 5000 a 2200,
653,??????,
654,Que salgamos todos dicen!!!!,
655,ya los contó o que?,
656,No creoooooo,
657,??,
658,[Sticker] Ahora más escándalo habrá ???? y tendrá que soportar,
659,SU AEROPUERTO ISRA QUE NI LAS Pulgas SE PARAN ALLA,
660,ni gratis me voy a México,
661,full vergüenza que vengan y vean todo el desmadre que hay en México ??,
662,Iban a ir??????????,
663,??????,
664,[Sticker] Espera.... Qué?,
665,¿Nos van a dar algo por no salir? Porfirio Díaz daba pulque ¿Ustedes que ofrecen?,
666,"Ya dijeron chicos, manifestación durante todo el mundial ????",
667,"paso 5.5 millones de turistas robados se irán, ya tanto los policías, tránsitos y delincuencia organizada se están preparando más q nadie para recibirlos,",
668,To de por sí no salgo ??,
669,hay weyyyyy,
670,Yo ni caso le voy a hacer,
671,Jajajaj que que dijoooo que saliéramos todo el dia va,
672,Haber cuántos regresan a sus casas . ??,
673,Y de los 5 millones a cuantos van a desaparecer?,
674,MANIFESTACIONES!!!!!!,
675,No vengan hagan caso antes de que lo lamenten,
676,"Ya escucharon comerciantes y comercios. No salgan de sus casas: No habrán sus restaurantes, no salgan a vender elotes, no salgan a dar servicios. No hay que molestar para nada a los turistas.",
677,No queremos mundial queremos seguridad y justicia.,
678,[Sticker] que me van a pagar esos días o que?,
679,no pudo brindarle seguridad a 1 y ya va quererle ofrece seguridad a todos ellos jajajajajajaja,
680,"no pensaba salir, pero ahora me lo tome personal",
681,a cerrar estadios,
682,Que salgamos todos dice jajajaja,
683,A mi no me gusta salir pero solo por eso voy a salir justo cuando sea el mundial,
684,"Lo siento mi distinguida presidenta, ya el mundial no se llevará a cabo en México, todo gracias a la inseguridad, me imagino que ya tiene una carpeta de investigación ??",
685,??????????es chiste verdad,
686,y de a cómo estamos hablando? ??,
687,Mejor iré a usa a verlo,
688,Y de que sirve si no pagarán Impuestos y nosotros seguimos pagando. Ojalá y no vengan y se cancelen los partidos de México,
689,"ok, paguen los días de trabajo que no podemos salir y me quedo en mi casa la vd",
690,todos a la calle ese día por favor,
691,No qe la FIFA lo había cancelado?,
692,??????,
693,México quiere a Morena fuera,
694,Si señora pero no es gracias a morena el mundial no es gracias a morenaaa,
695,y le da orgullo tener al pais como lo tiene para que lo vean 5.5 millones jajaja esa ruk no tiene vergüenza,
696,Y si nos manifestamos?,
697,"Les juro que yo no voté por esa señora, sabía que durante los 9 años que gobernó iztapalapa hizo un desastre",
698,"simon, que depósiten y se cumple??????",
699,"Si tienen la oportunidad de venir a México, desaprovechenla está bien clera",
700,Ojala se cancele,
701,[Sticker] ni que fuera pandemia,
702,??????,
703,me dieron ganas de salir mucho en junio ??,
704,??,
705,"ya la contajio claudia,",
706,Que salgamos todos dicen,
707,Todo El dinero que van a bajarle a los turistas,
709,Me iba a quedar en mi casa pero creo que ahora tengo que hacer planes con mis amigos,
710,"el mismo gobierno se avergüenza de sus ciudadanos pero no del dinero que sale de sus carteras, mira nada más, cuando el turista vale más que el local",
711,revocación de mandato presirvienta buena para nada,
712,siento que decir eso solo va hacer que salgan más JAJAJA,
713,[Sticker] Manifestación..?,
714,Conmigo no cuenten.!,
715,jamaaaaaaaas,
717,No es un país ceguro para un evento de esa magnitud,
718,En Mty el samuel tambien dijo algo asi ??,
719,??,
720,primero que aprenda a usar bien los colores,
721,Por q la gente le tienen miedo a México? las extrangeras teresibimos con a plauso con mariachi y muchos mas,
722,"9mil millones de pesos??? y que pasa con las calles, baches, mejor que invierta en las calles remodele bulevares",
723,Que en paz descansen futuros turistas ????,
724,por el bien de México que 20% de los turistas vean una experiencia narco,
725,a como está el país deverian de tenerle miedo y más con una presidenta como ella,
726,que agamos una marcha dicee!!??????,
727,[Sticker] Ahora resulta ??,
728,Nadien va ir a tu porquería FIFA se mueve a USA ???? ??,
729,"Nel, que se atoren 2h en el tránsito igual que yo...",
730,Soy de mexico y la neta no vengan,
731,"Remodelando con 9 mil millones de pesos ????????cuanto me dura eso como tres vidas , presidenta regáleme un millón que le cuesta ??????????????",
732,Que me vale y tengo que ir a trabajar dice??,
733,"[Sticker] podré negar a mi ex, pero jamás le pediría que no salga de su casa",
734,@Fallen star @Zzzzzzzz_zzzz @Nox.lunaris_?? @Brandon ??????,
735,[Sticker] Yo cuando salga a ver a los turistas,
736,??????,
737,???????????????? Si deja te hago caso morra ????????????????,
738,"Por qué no vivo ahí, pero por más amante de mi casita que sea salgo ??????",
739,[Sticker] todos a la calle a socializar con la visita,
740,ya se estan alistando los representantes de la criminalidad @flako_193 @RuABOGADO @Los GarciaS @Irvin García Suarez para defender a sus nenes a capa y espada,
741,[Sticker] Ok dice que vayamos a la capital a manifestarnos!!,
742,1968 ??,
743,pues y cuántos regresarán porque pues con tanta desaparición de gente ya no se sabe,
744,Que le damos penita dice ??,
745,[Sticker] que estupidez ??,
746,"[Sticker] Claro, nadie saldrá ese día",
747,creo que dijo que si hay que salir para disfrutar con los turistas eso dijo,
748,Como cuando los Dursley ocultaron a Harry jajajajaja,
749,Quiere un paro laboral y manifestaciones masivas dice.,
750,Ni mi papá intentó negarme tanto,
751,hojala y estén preparados para dar buenservicio,
752,soy de Colombia y fui a México y hay mucha inseguridad la verdad,2.0
753,Que me paseé en la troka con el audio de la llorona a las 3 de la mañana??? ok,
754,y así como nos dejan cargar en los aeropuertos,
755,"No queremos mundial, queremos seguridad, queremos revocacion de mandato",
756,Todos salimos en pijama jajaja,
757,Ponte a trabajar las calles de la Ciudad de México y bueno no se diga el Estado de México ????están de la chingada,
758,Si pero primero esta la seguridad,
759,[Sticker] ajá ????,
760,"[Sticker] que hagamos mega salidas dice, todos afuera del estadio banorte dice",
761,"Si nos piden que salgamos, pues salimos",
762,evento para hacer a los ricos más ricos y a los pobres más pobres,
763,Hagan manifestaciones esos dias JAJAJAJAJAJAJAUA,
764,"A como están las cosas la vrdd deberían cambiar mejor todos los partidos a eu aunque nos duela a nosotros los mexas, la vrdd hay una inseguridad muy grande y los turistas pueden apeligrar entre ellos niños :(",
765,no tengo pedos de hacer Home,
766,Eso dijo Paola Suárez ?,
767,"Ya esta listo Messi, hay que estar a prevenidos, pa cualquier cosa ??",
768,"Si eso significa Home Office, por mi, Fabuloso ??",
769,??,
770,"No dijo eso, pidió apoyo a los empresarios para que los trabajadores de oficina pudieran trabajar desde casa y disminuir el tráfico en el mundial",
771,"?? ATENCIÓN, MÉXICO ?? Este 06 de diciembre | 9:00 AM arranca LA GRAN MARCHA a favor de Claudia Sheinbaum. ?? Del Ángel de la Independencia al Zócalo. ?? Que todo el país se entere: la 4T está más viva que nunca. ???? Copia, pega y comparte ??¿Vas a estar en la marcha o solo viendo los videos en TikTok?.....",
772,jaja y pensar w le pagan por decir esas cosas,
774,Y que secustren a Leonel messi o Ronaldo se va armar la guerra ??,
775,Yo quisiera ir mas pero con la inseguridad se piensa dos veces .,
776,no sé quién voto por ella,
777,ud no salga que los va a espantar!! ????,
778,por qué con ese dinero no arreglaron hospitales que están por caer??,
779,De repente me dieron ganas de salir ??,
780,hablar de seguridad ??hablar de fútbol ????,
781,no que se cancelaba los de Mexico?,
782,Otra clara burrada.,
783,@FIFA noooooo??,
784,ora! pues si vamos a salir y hasta más ????,
785,que hagamos desfile dice,
786,Que?? Nosotros somos el atractivo ??,
787,Ok que salgamos pues,
788,y que vas a hacer con todo ese dinero?,
789,y de los baches después hablamos verdad,
790,con la inseguridad que ahy es un miedo venir a mexico,
791,"pues suena bien, que las personas que puedan hacer home office lo hagan y así reducen el tráfico, eso no solo beneficiaria a los turistas también a los que trabajan en oficios que no son administrativos",
792,que nos vayamos a manifestar dice ??,
793,pues no tenía ganas hasta que ví esto,
794,queeee,
795,y cuanto vas a invertir para la seguridad de uruapan?,
796,JAJAJAJAJAJAJAJAJAJAJAJAJAJ,
797,Cancela el mundial o lo vamos a echar a perder !!!,
798,wao que padre,
799,Parece buena idea cerrar calles,1.0
800,??,
801,"Siento que la jefa de gobierno fue ""la cabeza"" de estás decisiones porque si la presidenta lo decía iba a ser muy obvio y la situacion sería más familiarmente sospechosa",
802,??,
803,Ojalá no valla nadien,
804,SOLO DE APARIENCIAS SE VIVE cuando se acabe todo triste realidad,
805,Ay bebé que crees me están dando hartas ganas de salir durante el mundial no más para estorbar e incomodar jajajaja,
806,??????,
807,solo al verla ??,
808,??????,
809,y pues se cancelo que paso presidente,
810,Todo bien y no dijo nada de la inseguridad que tendrán los turistas,
811,[Sticker] cómo no soy de la ciudad soy turista no?,
812,Yahahahaahhaa??,
813,ya Claudia con un México inseguro es mejor los que nos vienen a visitar que mi venga a México es duro la inseguridad,
814,Allá nos vemos Clarita !!!!,
815,Nadie quedra ir al aifa alch,
816,que?que los turistas vivan lo que es el metro en hora pico?,
817,"[Sticker] Que quiere manifestaciones, riñas y todo eso ??",
818,"wey yo no soy de la cdmx, pero el día del mundial viajaré allá con toda mi familia ??",
819,"JAJAJA, wtf",
820,apoyo lo de trabajar en casa... para mi trabajo paso por el Akron y es un caos cada que hay partidos/eventos,
821,[Sticker] ayora pues si es mi casa,
822,todos salgan de sus casa,
823,Odio salir... Pero como soy bien necia esos días me la voy a pasar de vaga ??,
824,?????????? dicen puras tonterias,
825,[Sticker] vamos Todos !!!!,
826,Perú y México peleando por quién tiene peor gobierno. México está que se esfuerza mucho,
827,aver si no los asaltan,
828,Y el de Felipe Angeles.,
829,jajaja nunca dijo eso jajaj,
830,perdonen cuando es el mundial?:(,
831,"Ahhh claro, dejen le aviso a mis profes que no iré porque los turistas quieren visitar",
832,"Irala,que salgamos como si hubiera tianguis ??",
833,"Es una idea con ""A"" de mujer???",
834,Claudia eres mucha pieza para México te queremos 6 años más reelección porfavor en la próxima votación,
835,"La derrama económica es para los politcos y para las lacras qué asaltaran a los visitantes extranjeros, por que la violencia está a todo lo que da.",
836,"ok, ya entendí que busquemos el programa de los eventos en el mundial para asistir a todos.",
837,abersi no los secuestran o los levantan con tanta inseguridad que existe,
838,Que miedo mejor me voy para Canadá ????,
839,"[Sticker] wey no iba a salir, ahora saldré x mis huevos",
840,Me iba a quedar en mi casa para evitar tumultos pero ahora como que se me antoja sacar plan con mis amigos durante todos los días de la temporada del mundial,
841,Una vergüenza recibir a turistas en éste momento ????,
842,[Sticker] De huevos me voy a salir,
843,[Sticker] ¿que salgan dice?,
844,[Sticker] que salgamos ya dijo,
845,que estupidez dijo,
846,??????,
847,Hmmm dinero y le brillan los ojos a la querida presidenta con A,
848,deja tus jueguitos y ponte las pilas bien sabes que los mexicanos queremos que actúes con los malos,
849,y ahi que se puede hacer?,
850,Tenemos mucha Presidenta!!?? afortunadamente todavía 5 años más ????,5.0
851,Jaja,
852,A quien le importa el fut boll,
853,dice que salgamos todos,
854,i cuando se van,
855,No le da vergüenza de como tiene al país lleno de ollos y la inseguridad a su máximo,
856,"Dice la secretaria que regalar su boleto, traducción: no quiero ser expuesta a una rechifla monumental miedo le llaman",
857,"mientras ajuste con un salario mínimo se ajuste a las necesidades basicas, que no le paguen más",
858,Lo que le importa es el.Dineto no los turistas ??,
859,osea que solo los turistas pueden disfrutar México y no los propios mexicanos?,
860,Y si los narcos van a matar la gentes,
861,me están dando más ganas de salir ahora no se porque,
862,Tendremos más visitantes que EU y eso es por que la mayoría quiere visitar México ????,
863,Manifestación en los aeropuertos cuando sea el mundial. No estamos para festejar ni invertir en esos temas ??,
864,Es mentira ya se canceló,
865,viva mi presidenta,
867,Qué? Porqué? ??,
868,Y todos los ingresos los utilizará para abastecer hospitales y personal médico o lo seguirá regalando a los ninis ?,
869,NO SALGAN CON SUS FALASIAS PORFAAA NO TERGIVERSEN LA INFORMACIÓN!! osea por mí no salgan xq si dan pena pero lo q dijo la señora es q deben hacer home Office para evitar el tráfico en horas pico!! y algún demás q eso pueda provocar.,
871,???????? si ella le va a pagar el salario a mi mdre entonces si,
872,que pongamos música a todo volumen toda la noche entendido,
873,no haremos caso ??,
874,Para hacer las marchas más numerosas,
875,??orale que descanses,
876,????????????,
877,"Con la pinche inseguridad, seguro se irán con una muy mala experiencia!! Pobres de esos visitantes",
878,solo te faltó remarcar que visitarán México para ver como funciona la Megafarmacia y el mejor sistema de salud del mundo ??????,
879,??????????,
880,por eso suspendieron las clases? ??,
881,[Sticker] que dice que vayamos y los saludemos,
882,no van Nadien hasta que Salgan los corruptos Ahora mandamos no Mas dinero alos paises corruptos unance people,
884,con gobierno narcor país,
885,Jajaja y con esta inseguridad,
886,??????????????,
887,que salgan dice,
888,"no, mañana",
889,?????? WWOW!!! VIVA MEXICOOOOO ????????????????????,
890,Como esperas turista así como tienes el país todo un desastre vergüenza debería de tener,
891,Un pais con esos niveles de delincuencia e inseguridad tendría que tener prohibido celebrar nada,
892,que dice que salgamos a las calles a disfrutar en familia como buenos mexicanos que somos jajajaj,
