comentario,etiquetado_humano
la mayoría de los que saben que fue lo que pasó son parientes amigos y familiares,3.0
así deberían de poner seguridad en los hospitales para que no abusen de sus médicos,2.0
interactuando,3.0
digaselo a peña nieto ascarraga y salinas pliego ellos son los que trajeron el mundial y aceptaron las condiciones de la fifa,3.0
se quejan y somos uno de los países que más consume este deporte,4.0
me están diciendo que la única razón por la que están haciendo algo en el país es por el mundial que si no fuera por eso seguiriam defendiendo al co que raro no no es el pais que morena nos plantea,3.0
que coraje e impotencia debería ser más importante el apoyo a los padres que buscan a sus hijos que el mundial,2.0
la neta méxico da miedo es como ir a palestina y esperar que salgas bien,1.0
a mí me vale el mundial hay cosas más importantes,2.0
que tristeza que para proteger a extranjeros se organizaron tan rápido y para nosotros lo mexicanos llevan tantos sexenios y nomás no,2.0
y los que faltan en el mundial,1.0
casi 100 000 elementos federales y este gobierno hace nada para acabar con el crimen organizado todo el poder del estado y para que solo les interesa seguir saqueando al país,1.0
pues el plan kukulkán ya se debería quedar 365 días no diiiigo,3.0
aah mira y al pueblo que se lo lleve la fregada,3.0
deberíamos empezar a comentar con stickers de las fichas de lo desaparecidos en las páginas del gobierno,2.0
y no le da vergüenza a la presidenta para eso si hay seguridad,3.0
exacto hay que tener prioridades hay que comenzar actuar con conciencia,2.0
los carteles andas más armados que la policía de méxico,3.0
es muy cierto,3.0
y no nada más por el mundial ala precidente le vale los desaparecidos prefiere aser conciertos que ayudar ala gente,1.0
interactuen que se difunda lo que si importa,3.0
irán atacará en pleno mundial acuérdense de este comentario,2.0
jajajjaja se parecen a los anillos de seguridad que hacen los narcos raro no me da risa,2.0
aquí apoyamos a los papás y mamás buscadores,2.0
hay prioridades wue en el mundial viene el bicho,5.0
y por que un mes antes y un mes después del mundial por que no hacen ese plan para siempre,3.0
nunca nos ha brindado protección a los mexicanos porque a turistas si,2.0
que dolor que impotencia es una burla el despilfarro,1.0
no queremos mundial queremos seguridad acceso a la educación digna salud digna y a la justicia,1.0
y en culiacán también tendremos ese plan,3.0
plan no ir a méxico me gusta,1.0
si a usa no le quitan el mundial tampoco a mexico,3.0
me duele tener que vivir en esta realidad,1.0
que impotencia da la situación de mexico me entristece,1.0
violencia en méxico y eua en guerra me da risa,1.0
que tiene que ver el mundial von el gobierno,3.0
duele pero no por eso va a dejar a mas de 30 selecciones sin mundial ya que eso son problemas internos de mexico no es culpa de la fifa ni mucho menos de las otras selecciones,4.0
pero que nombrecito me da risa,3.0
y si se queda el plan cuculcan para siempre,3.0
ojo dijo que protege a extranjeros los que vivimos en el país pues no la pelamos que nos cuidemos nosotros solos dicen,3.0
osea si se pueden poner las pilas pero no con nosotros,2.0
seguridad para extranjeros y no para los mexicanos me da risa,2.0
saludos desde mechico,3.0
me da risa los estadios son privados el único beneficio de nosotros son las ventas me da risa,4.0
suena como el kukuxklan,3.0
que todos sus hijos vuelvan a casa,3.0
yo siendo mexicano prefiero que no sea el mundial aquí en méxico,2.0
cierren las avenidas allá y en cdm,2.0
morena preocupándose por otra gente menos por los mexicanos,1.0
por algo dice el dicho al pueblo pan y circo para mantenernos distraidosssss ojalá despierten la gente embobada del futboll y demás,2.0
ya no podemos seguir con esto necesitamos justicia,1.0
y mientras protegen a los turistas en todos los demás estados vamos a estar desprotegidos,2.0
a quien le importa el mundial al final solo se benefician los ricos,1.0
no estamos en contra del mundial estamos en contra de que se le dé prioridad a algo que no lo es,3.0
osea los mexicanos no tenemos ningún valor para este gobierno solo pueden y quieren proteger a extranjeros,1.0
el mundial debería ser solo en canadá pero la fifa es corrupta,2.0
y por qué protegen tanto a los extranjeros y nunca a nosotros los del pueblo que somos los que pagamos impuestos,2.0
en serio que cancelen el mundial aquí,1.0
en argentina también está pasando muchas gente con hambre sin trabajo jubilados con jubilaciones mínimas que ni si quiera les alcanza para comprarse la medicación universidades des financiada ecosistema destruidos a propósito medios de comunicación corruptos fiscales y gobernadores que tapan la corrupción y muerte de gente inocente pero la gente se preocupa por un mundial y que messi juegue en la selección ignorando todo los demás,2.0
q va mexico es una sentencia ir,1.0
y solo durante el mundial terminando todo regresará a como estaba o peor,2.0
wey méxico con aviones f5 ya esos son de museo,3.0
que triste que solo lo hacen por este evento y no lo hagan por sus habitantes todos los dias me entristece mucho,2.0
que todo el mundo vea lo que vivimos en méxico,3.0
y si mejor sacan un plan para proteger a méxico siempre y no solo durante el mundial,3.0
si asen eso para un evento deportivo por que no aserlo siempre para seguridad de todos nosotros los mexicanos,3.0
pongan subtitulos en inglés para que se haga eco a nivel internacional por favor,3.0
es una vergüenza nuestro gobierno,1.0
por qué no hacen eso siempre yo desde los 15 años salgo de mi casa con más miedo de la policía que de los delincuentes,1.0
que fuerte realidad me entristece,2.0
ocultan la verdad,2.0
oraleee así deberían de proteger a su pueblo y no solo a los extranjeros,2.0
lo más triste del asunto es que por más que luchen para que no haya mundial el gobierno no les va hacer caso van a seguir con el mundial y seguir invirtiendo en el mundial es triste y da rabia,1.0
el mundial dará mucho empleo y dinero del turismo así que yo sí estoy de acuerdo con el mundial,5.0
por qué si tienen tanto no combaten a los narcos,3.0
prefiero seguridad que un stupido mundial de futbol,1.0
dios mío,3.0
para los 4 partidos del mundial que va haber como que invirtieron de más no,3.0
ya no pongan sus fotos ahorita pongalas antes del mundial,3.0
justicia mexicanos,3.0
prefiero no tener mundial,1.0
la mediocridad del gobierno y la borregada no da pa más en fin la justicia no existe ni existirá mientras no se reformen las leyes a favor de las víctimas,1.0
cómo apoyo para que se haga eso en la cdmx también,4.0
es más seguro ir a jugar a israel o iran que a méxico me da risa mucho,3.0
cuándo va a cambiar la historia,3.0
prefiero un méxico sin desaparecidos que un mundial espero que puedan encontrarlos y los familiares tengan paz,2.0
pero ella jura que todo está bien,3.0
que raro que no lo terminaron con la palabra bienestar me da risa,3.0
ojalá todos encuentren a sus seres queridos fuerza y suerte,2.0
ósea que si tienen el armamento para combatir el narco solo no les importa lo mexicanos,2.0
se debe informar que solo sería para el mundial y como objetivo los extranjeros y que después del mundial será como cuando desinstalas una app de celular me da risa,3.0
siguen adelante en el poderoso nombre de jesús sigan y pídanle a dios que el sea su guardador,3.0
el chiste se cuenta solo este gobierno parece una burla,1.0
muyyy triste de verdad me dueles méxico,1.0
que coraje meda todo esto sólo hay seguridad porque va a ver mundial me enoja mucho,1.0
que lamentable apoyos a las familias afectadas,2.0
no queremos mundial queremos un méxico seguro,1.0
qué cosas y por el pueblo mexicano no mueven un dedo me enoja mucho,2.0
a lo mejor alguien entre mucha gente durante el mundial puede ser que ha visto o conocer a un desaparecido esto ayudará mucho,3.0
apoyo total a este movimiento,5.0
welcome to jalisco,4.0
que feo que se enfoquen en esto en vez de proteger al pueblo,2.0
osea que si se puede nomás no quieren,3.0
si buscan la ruleta rusa con su seguridad méxico es la opción,2.0
seguridad en el país seguridad por un partido de fútbol,3.0
seguro harán un trato con los narcos,1.0
ku kul kan suena conocido de algo,3.0
encontrar a los desaparecidos y subir los sueldos no puede ser que en nuestro país casi un 70 trabajen en la informalidad o sin prestaciones de ley y un 49 de los egresados de universidades se encuentran en desempleo,3.0
y cuando termine el mundial regreso a la realidad,3.0
a veces no dimensionamos las situaciones hasta que nos pasan no se que sería de mi si alguien de mi familia desaparece y muy bueno de los gobernantes por hacerse pendejos con estos temas,1.0
yo también tengo un hijo desaparecido y nadien me a escuchado no ay seguimiento de nada,1.0
ojalá se cancele,1.0
a veces pienso que lo hacen con sarcasmo para tener muchas vistas,2.0
nos hace falta unirnos como sociedad y cuidarnos entre todos,3.0
osea que habrá protección para que se pueda jugar al fútbol pero no hay protección para tener una buena calidad de vida,2.0
proteger a los mexicanos proteger a los turistas,1.0
oye espérate si no estamos en wakanda,3.0
todo el mundial va ser en méxico y canadá porque usa no participará por lo que ya saben me da risa mucho,3.0
osea que siempre han podido defender a la población les valía madres antes o que,1.0
que tristeza me entristece,1.0
mientras el gobierno invierte millones en eventos como el mundial de fútbol miles de familias siguen buscando a sus desaparecidos sin apoyo suficiente sin respuestas y sin justicia no puede haber celebración completa en un país donde tantos padres siguen buscando a sus hijos la prioridad debería ser la seguridad la verdad y la dignidad de las víctimas,2.0
en día de mundial hay que hacer una marcha por los desaparecidos me entristece,1.0
no se que da más miedo que méxico puede o que méxico no quiere,1.0
en el parque de la ciudad donde vivo nunca habia visto pegados panfletos de desaparecidos y cuando recién pase y los vi fue un shock se sintió muy triste,1.0
es decir que sí pueden combatir la delincuencia pero no lo hacen todos los días me da risa mucho,1.0
ósea si pueden y tienen poder solo no quieren,1.0
no al mundial matan mujeres todos los días y no las protegen,1.0
no ven tv azteca,3.0
no al mundial,1.0
y por qué 15 días antes y 15 días después por qué no dejarlo así siempre,3.0
méxico no necesita tener un mundial para tener toda esa seguridad la necesita siempre para todos los mexicanos que triste ver la realidad del gobierno,1.0
dios les de fuerza y les devuelva a sus hijos,2.0
proteger a los mismos mexicanos en su país mexicano respuesta negativo,1.0
para los que no entienden ojalá nunca les toque buscar un familiar o que sean ellos a los que los tengan que buscar,1.0
todos los mexicanos conocemos o sabemos de alguien que está desaparecido o ha sido afectado por el crimen,1.0
es que entiendan no están en contra del mundial ni nada sino que están en contra de que se gasten miles de millones de pesos en remodelaciones innecesarias solo para verse bonita para menos del mes mientras no hay dinero para búsquedas de desaparecidos no hay dinero para medicamentos no hay dinero para nada,2.0
y la de proteger al pueblo siempre no se la saben,2.0
donde se puede donar para que impriman más,3.0
no queremos mundial gobierno mediocre queremos seguridad de nuestro país queremos nuestros ecosistemas limpios queremos que no destruyan nuestros ecosistemas y acaben con la naturaleza queremos un país con soberanía,1.0
me gusta mucho el fútbol pero ha llegado el momento de que miles de voces sean escuchadas de que todos nos unamos,4.0
osea que para el mundial si tienen seguridad pero para el día a día no grande mi país saquenme de aquí,3.0
llenen este carrito de super yo empiezo,3.0
que miedo me entristece,1.0
si tan solo usaran toda esa organización y poder para realmente limpiar y cuidar el país me entristece,1.0
necesitamos seguridad no mundial,1.0
el sábado fui al centro es una tristeza ver tantos carteles de personas desaparecidas que miedo,1.0
no vengan no les crean,1.0
no me interesa el mundial aquí me interesa la seguridad de mi pueblo el hambre de mi país,1.0
entonces tomaremos la seguridad como privilegio de algunos cuantos me enoja mucho,1.0
nos puede des decir de donde sale o que significa kukulcan me suena a cucurrucucu hay méxico,3.0
pero dice tu tía claudia que cada vez estamos mejor,2.0
lo que me imaginé,3.0
osea que si pueden proteger pero no quieren,1.0
e lugar de mi dial y trenes busque allude con los desaparesidos,3.0
ven que si tenemos la capacidad de controlar la violencia en mexico armamento gente pero nomas les vlvga al gobierno,1.0
los policías también roban ojo ahí turistas ojalá no vengan,1.0
si hablamos de mexico no confío ni en la policía,1.0
se va poner de acuerdo harfuch con los capos con los que tiene acuerdo para que ese mes no hagan nada y van a decir que el plan que propusieron dio resultado me da risa muchisimo,1.0
un poco mas y es el plan kukusklan me da risa mucho,3.0
por que no posieron eso para acabar con los carteles,1.0
hay que cancelar el mundial eso no es importante lo importante es tratar los problemas del país,1.0
imaginen esto en sinaloa también,1.0
lo chistoso es que esos 3 aviones caza f5 son todos los que tiene la fuerza aérea me da risa,3.0
osea hacen de cuidado solo cuando es mundial pero el resto del año q se chinguen el pueblo,2.0
de que sirve si les da miedo enfrentar a los delincuentes,1.0
igual el mundial mexico no va pasar de cuartos,3.0
no protege ni a los ciudadanos que va proteger a los turistas,1.0
justicia para los desaparecidos no quiero mundial quiero un mexico seguro,1.0
imponer el plan kukulkán en méxico para que acaben con la violencia imponer el plan kukulkán solo para el mundial y atraer extranjeros,3.0
lamento mucho su dolor mamitas y papitos me entristece,3.0
cómo se notan las prioridades no se dejen que vean lo que realmente importa,2.0
mi apoyo desde españa comparto mucha fuerza para las familias,3.0
que hermosa campaña no se dejen estamos con ustedes me entristece,4.0
gobierno de asco,1.0
osea que si se puede reforzar la seguridad interesante,2.0
triste realidad de méxico me enoja muchisimo,1.0
y la seguridad despues del mundial que cual plan,1.0
ellos no deben ser invisibles en el mundia ellos deben ser los mas presentes en el mundial que el mundo vea rosotros de gente que puede ser encontrada gracias a la difusion,2.0
duda latinus es independiente o pertenece a alguna televisora,3.0
los comentarios ocultos,3.0
pero ya están vendidos todos los boletos y la venta de playeras no para y no se diga del álbum que es todo un fenómeno nacional más de 1500 albums vendidos diariamente y 10 mil sobres con las cartitas también,3.0
ojalá encuentren a los desaparecidos,3.0
dios los bendiga salmos92 10 12 y salmos94 1 23,3.0
su mirada,3.0
escuchen bien dijeron proteger a los turistas y a los equipos porque los mexicanos no les importamos,1.0
el mundial es cada 4 años y desaparecidos hay siempre pueden esperar,2.0
de por sí me cae mal el futbol ahora mas,2.0
mientras tanto claudia,1.0
la tristeza me entristece,1.0
y porque no hacen eso siempre pero para todos los mexicanos,2.0
ya vimos que si no le beneficia al gobierno no hace nada respecto a la seguridad mientras después que pase la fifa otra ves a números rojos,1.0
no al mundial en méxico,1.0
ahi vemos que es prioridad para los gobiernos que tristeza,1.0
y despues del mundial q nos lleve la muy malo a todos los demas,1.0
me da risa no tenemos ese tipo de aviones me da risa mucho,3.0
no al mundial en mexico para proteger extrangeros hacen todo y nosotros,1.0
se jactan presumen de tanta seguridad y saben perfectamente que nada esta bien en éste país ojalá no hubiera mundial,1.0
ojala cancelen el mundial,1.0
no queremos mundial,1.0
seguridad para la gente del mencho seguridad para extranjeros y para cuándo la seguridad para los ciudadanos bueno igual se les olvida un poquito cuando tienen que ejercer sus derechos y ver a shakira,
deberían cancelar el mundial en méxico por seguridad no deberían hacerlo acá,
para mí que gana portugal,
ojalá los encuentren dios los bendiga,
no al mundial,
el gobierno que hace para el mundial si el mundial lo hace la fifa,
qué pena que sea para cuidar a los turistas y no lo hagan siempre para cuidar a los mexicanos,
apoyo la manifestación el día del mundial,
porque no entienden que no se trata de partidos políticos ni gobiernos se trata de quien gobierna cada entidad quien este en la presidencia es lo mismo hará lo que pueda en su gobierno pero los que son los gobernadores delegados o presidentes de cada entidad son los que hacen lo que quieren,
el dinero y el football es más importante que las vidas de la gente todo mundo lo sabe,
el mundial es un tape de ojo pará lo que se viene todo lo que roba el gobierno,
ni regalado,
todo eso para proteger extranjeros pero a los mexicanos que nos lleve la chgda me da risa,
ojalá cancelen el mundial,
que tristeza,
ya ven que no terminan con el narco nada más porqué no quieren,
osea se preocupan por todos menos por nosotros los mexicanos me entristece,
queremos seguridad no mundial,
por qué no hablan de cancelar el mundial en estados unidos por riesgo a un ataque,
ya que cancelen el mundial por fsvooooor,
si ellos mismos te roban también es algo que no tiene sentido deben tener más cuidado ya que te quitan dinero,
para que tanta seguridad si se trata de un evento deportivo,
que impotencia,
tienen razón no se vale,
espero que algún día tenga respuesta de donde esta sus ijos,
méxico protegiendo a todos menos a los mexicanos ojalá no haya mundial neta,
boicot al mundiaaaaaaal,
mucha fuerza y luz para todos los padres buscadores,
y los medicamentos en los servicios de salud para cuando,
deja tu flor interactuando,
no necesitamos un mundial necesitamos apoyo para las madres buscadoras,
no queremos mundial,
entonces si había tecnología para acabar con el crimen organizado pero no querían trabajar,
por favor fifa cancele el mundial en méxico está muy muy peligroso,
plan para defender a los ciudadanos nah aqui no hacemos eso,
que nos quieren decir que si se puede hacer operativos de seguridad pero no para el pueblo bueno y pero si para los turistas que cinismo de este gobierno,
duele mucho este tema estos hechos duelen mucho me entristece mucho,
terminando el mundial continuamos sin seguridad,
marcha el día de la inauguración,
es que el mundo se acaba para unas personas y sigue para otras los que no tienen problemas si desean el mundial lo siento en verdad por los que una tristeza o injusticia hará que vean al mundial como un gasto innecesario,
toda mi empatía con los padres buscadores,
plan para que el país mejore plan para el mundial solamente,
reclámale a tu gobernador,
no sabía que contábamos con tantos elementos de defensa aérea en el país además por qué mencionan medidas y entrenamiento contra terrorismo,
va a ser un caos total,
ah bueno los mexicanos valemos madre,
con quién nos comunicamos para apoyar con la impresión y el pegado de fichas,
todo sea por el futbol y a la población que se la lleve el cuerno,
méxico es un estado fallido,
por que no implementan un plan para todo mexico,
no queremos mundial,
carolom lo ideal sería boicotear el mundial y no acudir al estadio no consumir de las marcas patrocinadoras pero seguiré soñando porque en mi méxico mágico eso jamás sucedería,
entonces para el gobierno es prioridad la seguridad de 5 5 millones de turistas por 1 mes que la de 134 millones de mexicanos todo el año,
eso significa que si pueden implementar seguridad solo que no les interesa proteger a los mexicanos,
esto ya es demasiado grave par nuestro país,
nosotros como mexicanos debemos cancelar dicho mundial ya que el dinero recaudado no es para el país es para el gobierno dos quien nos asegura que no va ver atentados en los estadios hoteles avenidas principales mejor cancelarlo,
eso no le importa al gobierno tristemente me entristece muchisimo,
bravo por esa gente,
se aplaude y la pregunta es y porque no hacerlo permanente para cuidarnos a los mexicanos que vivimos aqui,
yo te apoyo por qué hoy son tus hijos mañana no quiero que sean los míos,
neta méxico tiene todo para ser primer mundo pero a los del poder se les sube el poder se dejan ganar y les gana el hambre de más poder,
el plan kukulkán llegó para quedarse o solo será temporal mientras está el mundial,
solo pensar en méxico da miedo,
q sean encontrados,
muy bonito todo pero es obvio que no se cuenta con el personal y mucho menos con el equipo táctico indispensable para garantizar seguridad,
me encanta el futbol y me llena de mucha alegría que los mexas sabemos que aquí lo importante son nuestros desaparecidos la exigencia de seguridad y una vida digna para todos mis compatriotas,
si de mi dependiera sería únicamente en canadá,
méxico niega la violencia y desapareciones,
yo si los apoyo por qué yo no sé que haría si alguien forma parte de mi vida desapareciera noalmundial me entristece,
que ganas de ser extranjera en mi país,
exacto,
en culiacán hay soldados en cada esquina y no sirve de nada desviven ahí cerquita de ellos siempre llegan y no agarran a nadie,
ese es el verdadero mexico,
es correcto y peña nieto no hubiera aceptado el mundial que desde un inicio de ser aceptado se empiezan con gastos pequeños propaganda y otros gastos pequeños si desde los 43 normalistas que son 43 jóvenes que no dio explicaciones de donde quedaron así como muchos que han desaparecido años antes ningún presidente a puesto una jurisdicción especializada solo para personas desaparecidas que desde 1980 a estado pasando esto,
cuanto dura el mundial para saber cuánto tiempo podré vivir sin tanto miedo a no volver a casa,
por qué no hicieron esto cuando carlos manzo pidió ayuda,
no mms es un chiste el gobierno mexicano me da risa,
si si aún que estamos ya entrando a la fiebre mundialista no hay que olvidar la realidad de nuestro país que tenemos cientos de desaparecido y no hay que ser indiferentes porque no sabes cuando alguien puede estar en esos zapatos de papas buscando a sus hijos,
osea tiene equipamiento y no lo usan en contra del narcotráfico,
por los gobiernos no les interesa alas personas,
pero les apuesto que muchos vieron la final verán su mundial así quie hoy no joven gracias,
solo por el mundial jajajaa y el resto del año nada me entristece,
excelente,
que miedos ir a méxico ya no iré al mundial,
no queremos mundial,
y porque no aplican eso a diario me da risa,
solo lo van a hacer por el mundial y turistas porque no hacen esto todos los días,
y no podría ser todos los días para protegernos no sé se me ocurre,
cancelen el mundial,
y como van a vigilar el metro recuerdan todos los piquetes que hubo meses antes,
cuál mundial si son como 10 pedorros partidos,
deberían apoyar más a las marchas y no ir al mundial o comprar boletos,
si no ubiera mundial no hacen eso,
listo para la inaguración junto a mi familia me gusta mucho,
de seguro los otros países están muy protegidos no tiene problemas,
todos dicen lo que pasó en méx pero eu está en una guerra jajajaj la vida diplomática es un chiste,
solo por el mundial ya después vuelve lo normal inseguridad robo y lo mismo de siempre me da risa mucho,
soy de españa y se me encoje el corazon con vosotros no visito mexico por estas cosas no me trae seguridad pero mira que si e un sitio muy prometedor ojala os ayude alguien aunque sea trump ya que claudia me entristece,
y por que asta orita salen aser eso,
tanta seguridad para extranjeros y para los mexicanos nada,
no sé si todas las personas sepan lo que es perder un hijo yo no pero si me llegará a pasar sé que estaría con ellos buscando hasta en las coladeras desiertos etc y no me gustaría pasar ningún nadie pasara por eso talvez no puedo apoyar directamente a toda esta gente buscadora pero no podemos ser indiferentes así como sienten la unión en el mundial diciéndonos hermanos así deberíamos apoyar está ocasión amo el fut pero es primero nuestro país y nuestra gente,
me dolió tanto ver este reportaje,
cómo podemos registrarnos como turistas aunque seamos locales nos urge sentirnos seguros,
ósea que mexico mágico si puede tener seguridad pero no quiere su gobierno,
por qué siguen insistiendo con el mundial,
se imaginan q hicieran esas grandes estrategias en michoacan sinaloa bueno en todo mexico o sin necesidad de la inauguración del mundial la verdad mexico sería otra historia,
méxico narco,
y por qué no hacen eso siempre y no solo para el mundial en lugar de gastar nuestros impuestos en croquetas del bienestar,
todo para aparentar que este es un país seguro,
pero nadie va a decir no al dinero que va a llegar al pais,
que tal si mandan hacer camisetas del mundial con la foto del desaparecido y al reverso méxico no busca acuden al estadio tanto dentro como fuera haciendo haci una protesta,
una manifestación en todo el país el día del mundial,
ejemplo de fortaleza todas esas familias,
katt difusión difusión difusión difusión difusión difusión difusión difusión difusión difusión difusión difusión difusión difusión difusión difusión difusión difusión difusión difusión difusión difusión difusión difusión difusión difusión difusión difusión difusión difusión difusión difusión difusión difusión difusión difusión difusión difusión difusión difusión difusión difusión difusión difusión difusión difusión difusión difusión difusión difusión difusión difusión difusión difusión difusión difusión difusión difusión difusión difusión difusión difusión difusión difusión difusión difusión difusión difusión difusión difusión difusión difusión difusión difusión difusión difusión difusión difusión difusión difusión difusión difusión difusión difusión difusión difusión difusión difusión difusión difusión difusión difusión difusión difusión difusión difusión difusión difusión difusión difusión difusión difusión difusión difusión difusión difusión difusión difusión difusión difusión difusión difusión difusión difusión difusión difusión difusión difusión difusión difusión difusión difusión difusión difusión difusión difusión difusión difusión difusión difusión difusión difusión difusión difusión difusión difusión difusión difusión difusión difusión difusión difusión difusión difusión difusión difusión difusión difusiónj difusión difusión,
somos la voz de nuestros desaparecidos,
mientras la presidente recibe artistas y hace conciertos defiende a los políticos señalados por usa defiende a los hijos del ex presidente amlo a las madres y padres buscadores no los reciben y no atienden el problema me enoja mucho,
que todos esos desaparecidos sean encontrados me gusta,
ahí dios deberás hay que ser empaticos me entristece,
a quien le gustaría a un mundial al cuál no podrá ir un hijo un hermano o me gusta,
el futbol es de lo mejor desde siempre la fifa la peor basura al menos estos tiempos,
no dejen de luchar queremos regresos no mundiales,
ni loko iria a méxico,
justicia dios los ayude justicia justicia,
yo soy madre y se me duele ver a los familiares de chicos desaparecidos ésa angustia y dolor permanente las mamás que ya buscan a sus hijos en las fosas clandestinas con la esperanza de encontrar a sus hijos nadie conoce ése sufrimiento más que la madre o familiares lo están viviendo,
aaa pero los q vivimos pagamos impuestos y sus salarios,
me da risa ifusión difusión difusión difusión difusión difusión difusión difusión difusión difusión difusión difusión difusión difusión difusión difusión difusión difusión difusión difusión difusión difusión difusión difusión difusión difusión difusión difusión difusión difusión difusión difusión difusión difusión difusión difusión difusión difusión difusión difusión difusión difusión difusión difusión difusión difusión difusión difusión difusión difusión difusión difusión difusión difusión difusión difusión difusión difusión difusión difusión difusión difusión difusión difusión difusión difusión difusión difusión difusión difusión difusión difusión difusión difusión difusión difusión difusión difusión difusión difusión difusión difusión difusión difusión difusión difusión difusión difusión difusión difusión difusión difusión difusión difusión difusión difusión difusión difusión difusión difusión difusión difusión difusión difusión difusión difusión difusión difusión difusión difusión difusión difusión difusión difusión difusión difusión difusión difusión difusión difusión difusión difusión difusión difusión difusión difusión difusión difusión difusión difusión difusión difusión difusión difusión difusión difusión difusión difusión difusión difusión difusión difusión difusión difusión difusión difusión difusión difusiónj difusión difusión,
quien en su sano juicio iría a méxico solo por el mundial,
lo gestionó la administración de calderón o peña,
me da risa entonces gastarán más que lo que ingresara,
señores entiendan el narcotrafico esta en el congreso por eso no lo hacen,
kukul que,
messi y cristina llegando a méxico,
in dia de mundial por años de desaparesidos mamas con el dolor de no saber de sus hijos mi mexico duele,
voten bien la próxima,
con lo que gastan de impresiones todos los días junten para tener suficientes para tapizar el mero día del mundial,
las madres buscadoras requieren todo el apoyo,
ni uno más porque si nos falta uno nos faltan todos,
méxico no quiere mundial méxico quiere seguridad,
están en contra del olvido de nuestros desaparecidos recuerda que el gobierno es el culpable de que el sistema este corrompido,
me da risa ni regalado voy para méxico quiero ver el mundial no andar esquivando balas me da risa mucho,
una manifestación mega grande el día del mundial que el mundo se entere en carne propia lo que se vive día a día en méxico,
not0da la culpa la tiene el gobierno también es la educación dela casa la libertad ke les dan alos hijos casi no pasa eso hoy en día,
mientras tanto,
estan queriendo desir que si se puede garantisar seguridad pero solo cuando le conviene al gobierno,
interactuando,
que se cancelé el mundial no lo queremos,
jajajja vaya manera de decir si podemos hacer las cosas bien y mejorar el país pero no queremos,
cuanto dolor dios mio cuanto sufrimiento,
ya ven que el estado si tiene con que cuando se lo mandan,
no queremos mundial queremos seguridad,
pero si en méxico te asalta hasta la policía,
el plan yo calmo a mis criminales no pasa nada solo doy la orden,
que cosas,
no sería más fácil hacer los juegos en otro pais,
no queremos mundial queremos seguridad en todo méxico medicinas en los hospitales ya vasta que estén derrochando el poco dinero que hay me enoja muchisimo,
creo que está quedando claro que los mexicanos no queremos mundial queremos vivir seguros,
así deberían de asegurar la seguridad de los ciudadanos para siempre no nada más cuando hay mundial,
no enserio que pena,
dios los bendiga,
mucha gente invierte en el mundial de que es difícil pero entonces debieron interponer todas las medidas para que no se celebrara en méxico suena crudo,
al chile méxico no merece nada,
mexicanos hay que tumbar el mundial,
con todo lo qué pasa en el país de verdad necesitamos un mundial yo no lo creo,
no nos cuidan a los mexicanos van a andar cuidando extrangeros,
de hecho el futbol es un ente muy aparte a la politica los gobiernos no pagsn a los jugadores etc,
ojalá así nos protegieran a nosotros los mexicanos,
yo no entiendo como no son empaticos ósea soy madre y perder un hijo no tiene nombre y se que no puedo dimensionar lo que sienten pero si puedo hacer algo y si el gobierno tiene recursos es incongruente que para unas cosas si puede gastar y otras no,
y ya que se acabe el mundial volvemos a los asesinatos y desapariciones,
buenos para proteger a extranjeros y no para proteger a su gente,
no queremos mundial queremos seguridad,
deberían de acudir al cuadro del centro histórico justo donde están pintando y remodelando y alli pedirle permiso a cada locatario para poner una pequeña lona en el exterior,
cuando tendremos un buen gobierno cada vez lo veo más imposible me entristece,
y parece que nadie conoce a los secuestradores solo es cuestión de investigación sería,
me estás diciendo que mexico si puede implementar medidas de seguridad pero no para los mexicanos,
ven que si tienen con que detener el narco pero no lo hacen,
es de terror lo que vivimos en méxico,
debe ser una pesadilla vivir en mexico y un holocausto caminar en ella,
claudia se convirtió en calderón,
que triste la verdad y mas triste a un que le valga un cacahuate a la presidenta,
esa seguridad debe de ser permanente acaso vale mas la vida de extranjeros que los mexicanos,
justiciaaaaaaaaa,
ojalá en verdad cancelen el mundial,
bien hecho yo soy aficionado al fútbol pero antes que eso soy papá de tres y no quisiera pensar que algo les pasara sigan adelante apoyo total,
no queremos mundial queremos que busquen a nuestros desaparecidos,
a méxico le iban a quitar ser sede y a eeuu porque no si se metió en un lío con irán y a él no,
saben qué da mucha vergüenza que hay personas que prefieren que su equipo gane a que encuentren a los desaparecidos,
ahora resulta que si se puede cuidar las ciudades,
lo bueno es que méxico está en paz si no para que meter tanta seguridad,
y los mexicanos desapareciendo cada día,
que dejen ese plan para el resto del sexenio qué les cuesta,
ojalá suspendan ese mundial,
está es la propaganda que la fifa necesita para revivir el mundial,
me encanta el mundial será un evento que disfrutaré mucho tienen mucha razón ojalá el país fuera diferente,
porque será que nos les creo si la policía es más corrupta que el gobierno,
el gobierno haciendo esto en mundial pero no lo hace a diario por que por que el gobierno esta al mando del narco,
proteger turistas x la derrama económica por unos dias y todos los ciudadanos que pagamos impuestos hasta x respirar no lo merecemos total burla para los mexicanos por mi que se cancele,
muy cierto,
que triste pero es la realidad que vivimos,
dios les de mucha más fuerza amor y valor para seguir algo que todo el gobierno carece vamos mexicanos apoyemos a la gente que si lo merece y no a un partido político que no merece que ninguna persona lo defienda,
no hay nada que celebrar que el mundo entero conozca lo que se vive aquí en méxico día con día el miedo a salir y no regresar,
para defender a los extranjeros y a los mexicanos cuando me da risa,
méxico mundial,
y están gastando en campañas,
y porque no hacen eso para sus ciudadanos,
que dolor caray,
i porque no asen eso por su propia jente,
jordy q el mundial no trae ningún beneficio al país anfitrión solo hay que investigar el desastre que ocurrió en cada país anfitrión del mundial,
como entonces si tienen la capacidad para desplazar un gran plan de seguridad para cuidar a los que son parte del mundial pero en diferentes estados no pueden erradicar la delincuencia que raro,
que no se haga en mexico,
we que se cancele,
nuestros desaparecidos muchos jugaban futbol,
son heroes que dios este con ellos y encuentren a sus seres amados,
por que no usan esa tecnología y elementos contra el crimen organizado que verguenza que el futbol tenga más importancia que la seguridad nacional,
y porque no protegen de esa misma forma a los mexicanos este gobierno es lo peor me enoja mucho,
para los turistas si hay seguridad y para nosotros los ciudadanos que,
totalmente de acuerdo por favor que nuestro próximo voto sea muy bien pensado,
o sea lo único que dan a entender es que méxico si tiene capacidad y de sobra en materia de seguridad pero solo para el mundial que interesante,
el detalle es que ls visitantes saben como los narcos están en la policia así que no es muy seguro,
por mucho que ame el fútbol la seguridad de las personas es importante el mundial no es importante cuando hay una crisis así en el país difundan el vídeo para que llegue a mas personas,
nada les embona que si hay seguridad que si es demasiada seguridad,
méxico está en guerra no tienen que hacer partidos ahí,
esto del mundial terminará muy mal,
dios bendiga a todas las personas que siguen buscando a sus hijos e hijas de todo corazón esperamos que puedan encontrar a sus jóvenes millones estamos con ustedes si podemos apoyar con algo cuentan con nosotros,
ojalá cancelen la sede,
allá no voy a ir nunca,
los mexicanos también tenemos miedo de salir en méxico,
era fuerza aerea o pobreza aerea,
le recomiendo no ir por su bien el narc se va a cobrar vid me entristece mucho,
el gobierno viendo como están llenas las calles de desaparecidos,
osea que si se puede hacer el gobierno y sus mentiras nada nuevo,
no sé preocupen el mundial será mayormente en eeuu,
cuidan a todos menos a los mexicanos me da risa vaya cosa,
será el plan kukusklan me da risa muchisimo,
justicia y apoyo para todas las familias que tienen un familiar desaparecido me entristece,
kukulkán me da risa,
si el gobierno mexicano le diera importancia a las personas que dia a día desaparecen como al mundial nadie se quejaria pero lastimosamente no hacen nada,
bloqueen todos los partidos ya basta de esta injusticia me enoja,
debería haber seguridad siempre,
hay más personas desaparecidas que los habitantes de una ciudad del interior de panamá me entristece,
con esto demuestran que siempre han podido protegernos pero han decidido no hacerlo bendita 4t,
prefiero sentirme segura en mi país que un mundial o cualquier otra cosa 100,
si hay miedo en sus habitantes imagínate en habitantes de otros países,
y si el gobierno tiene esa capacidad de protección y defensa porque no aplica de manera permanente,
sólo para el mundial hee ya pasando regresa la realidad del país,
tengan en cuenta que cubrirán un lado pero otros quedarán desprotegidos y ahí se harán los madres por qué todo esto que dicen solo es en las sedes,
en lugar del mundial ayuden a esas familias,
para eso si hay ejército marina gn pero aquí en sinaloa qué siga la violencia me gusta,
ay que me gusta saber que si hay seguridad,
tony osea están reconociendo que si pueden dar seguridad a méxico pero han escogido en no hacerlo todo este tiempo este régimen es una burla,
no queremos mundial queremos de regreso a nuestros desaparecid s,
cuándo sale el plan de seguridad que protege a los mexicanos,
el gobierno,
yo amo el futbol pero que muy bueno el gobierno solo actua por los extranjeros cuando hay lugares que del diario sufren de violencia miedo y aveces no hay manera de sobrevivir,
ojalá y se cancele que no vengan los equipos de fútbol a méxico,
huelgas en los estadios sedes de mundial,
y si cooperamos para que impriman más,
así hubieran protegido al presidente municipal de uruapan el señor carlos manzo,
este gobierno es una real verguenza me da risa mucho,
y después de que se acabe el mundial a la normalidad de nuevo este operativo debería ser 24 7 los 365 y aplicarlo como nuevo decreto presidencial,
pues el mundial es cada 4 años desapareciones todos los días me da risa me da risa,
porque la fifa no le hace lo mismo a eeuu así como le hizo contra rusia cuando empezaron la guerra,
entonces si pueden proteger al país pero solo cuando les conviene,
ya que tengamos gente hacen el mundial,
y por que no usan esa fuerza para contrarrestar a quienes atentan contra los propios mexicanos,
ósea que si se puede realizar un plan de protección a los ciudadanos,
excelente,
vergüenza de gobierno tenemos,
los gobiernos quieren silenciar la molestia de la gente en tantos sectores que ya no saben que hacer y piensan que es puro boot,
oyeron bien tiene como objetivo proteger a los turistas,
qué dolor me entristece mucho,
y si boycoteamos el fútbol,
kukulkan me suena conocido,
es una realidad que en méxico se vive un tema de inseguridad muy severo pero mayormente estos movimientos no digo que todo esté financiado por partidos políticos,
no cuidan a los mexicanos que les espera a los turistas tstsss,
ojalá el mundial durara por siempre,
ojala encuentren a sus familiares,
muy muy bueno su plan para cuidar a extranjeros cuál es el plan para cuidar mexicanos,
entonces me están diciendo que si podemos tener un país seguro simplemente no nos daba la gana,
que triste que les importen más los turistas que su propia gente,
bien dicho,
nada que ver cada quien tiene su historia y lo que hoy desprecian tal vez es el salvavidas para otra persona que también está sufriendo,
amén muchas bendiciones y mi apoyo con ustedes justicia,
asi deberia de ser todo el año en vez de solo por el mundial dirán que eso requerira mucho dinero pero por eso se pagan impuestos y por eso le subio los impuestos a ciertas cosas,
y a usa no le van a decir nada,
que fuerte bendiciones de todo corazón,
apoyo total y visibilidad a esta problemática,
una vez acabé el mundial el super plan se va,
y la seguridad de los cuidados mexicanos,
me entristece,
no al mundial,
así es fuera el mundial,
una vergüenza que el estado solo invierta en seguridad cuando necesitan aparentar pero a su propia gente deja que la desaparezcan y la maten como si nada,
si se hacen manifestaciones el día de los partidos yo creo que muchos jaliscienses los apoyamos,
botón para que cancelen el mundial méxico no lo merece,
todo el país debe manifestarse,
todo eso nos costará mucho dinero,
y plan para proteger a los turistas pero no a los mexicanos me da risa mucho,
que triste es verdad da prioridad al mundial y lo que me imagino es que después del mundial preparan nueva pandemia,
puedes tener el mejor plan pero si los elementos son c0rrup70s va estar denso,
esté dispositivo de seguridad debería ser siempre,
va a ser el peor mundial q se realice,
que le hacen a la mamada esto no es ni mundial,
great podré viajar a méxico,
oigan pero es sus fotos muy santitos no se ven,
ojala nadie vaya es muy peligroso,
nomas por un mundial suena como perú con los árboles me da risa me entristece,
en el estadio gritar fuera claudia,
duermete,
total apoyo me gusta,
esperemos que si se cancele el mundial,
gente y quien protejera a los mexicanos del narcomorena piencen los extranjeros estaran protegidos los mexicanos y mexicanas no,
y porque no dejan ese plan permanente para combatir a los narcos,
ahora si despliegan seguridad por partidos de fútbol cuando esté plan debió y debe estar siempre activo para nosotros los mexicanos,
menos ganas me dieron de ir a méxico la neta,
eso deberían de hacer todo el año y en todo méxico no nomas en esos eventos,
ojalá algún día logren encontrar a sus familiares pero con todo respeto empezó mal tu vídeo pues todos tenemos derecho de vivir y divertirnos y la vida sigue no xq algunos la estemos pasando mal el país se tiene q paralizar dios los ayude y su familiar regrese me gusta,
no hay peor ciego que el que no quiere ver si pueden dar seguridad pero no quieren me enoja,
sea como sea esos narcos van a acabar con los turista y dañará el mundia en esa parte acuérdense de mi,
hagan un go found me o algo para aportar a sus impresiones,
pero si peña nieto fue el que trajo el mundial a méxico,
todos tienen fintas licenciados,
no vaya a ser que desaparecen 20 alumnos de 19 años porque ahi si ni voltean a ver,
y porque no hacen eso siempre,
no al mundial,
claudia chimbaun viendo el video,
que tristeza que tengan que arreglar la violencia por el mundial y no por el bien de los mexicanos,
beatrice manguito me da risa ifusión difusión difusión difusión difusión difusión difusión difusión difusión difusión difusión difusión difusión difusión difusión difusión difusión difusión difusión difusión difusión difusión difusión difusión difusión difusión difusión difusión difusión difusión difusión difusión difusión difusión difusión difusión difusión difusión difusión difusión difusión difusión difusión difusión difusión difusión difusión difusión difusión difusión difusión difusión difusión difusión difusión difusión difusión difusión difusión difusión difusión difusión difusión difusión difusión difusión difusión difusión difusión difusión difusión difusión difusión difusión difusión difusión difusión difusión difusión difusión difusión difusión difusión difusión difusión difusión difusión difusión difusión difusión difusión difusión difusión difusión difusión difusión difusión difusión difusión difusión difusión difusión difusión difusión difusión difusión difusión difusión difusión difusión difusión difusión difusión difusión difusión difusión difusión difusión difusión difusión difusión difusión difusión difusión difusión difusión difusión difusión difusión difusión difusión difusión difusión difusión difusión difusión difusión difusión difusión difusión difusión difusión difusión difusión difusión difusión difusión difusiónj difusión difusión,
que bueno por lo que estan haciendo muestren la realidad que vivimos dios los ayude tanto en lo económico como lo espiritual porque es horrible no saber donde esta tu hijo e o hija me da risa me gusta mucho,
no queremos mundial queremos seguridad,
digan no al mundial en méxico no es seguro,
heeeey turistas no crean todo esto ni aviones tenemos me da risa mucho,
y por qué no han querido hacer eso desde el sexenio pasado en todo el país para proteger a todos los mexicanos una vez más demuestran que no les importamos harán todo esto porque les urge tener al mundial,
interactuando por empatía espero logren algún día encontrar paz,
consejo de un mexicano si tienes la oportunidad de venir al mundial por favor desaprovecha lo no es nada seguro,
eso no tiene nada que ver con el mundial,
que vergüenza mi méxico,
ósea que a nuestro gobierno le importan más los gringos y la gente extranjera que su propia gente nacida en méxico chaleee,
que horror me duele mis hermanos hispanos como los políticos los abandonan por un sueldo y vivir como millonarios,
fifa debería de sacar a méxico del mundial,
me gusta mucho el fut pero dada las circunstancias ni me emociona nada el mundial prefiero otro méxico que un mundial,
justicia para todos los desaparecidos es muy grave lo que están viviendo,
interactuando me entristece,
y sin el mundial no lo van a hacer o qué,
ojo turistas tienen 15 días antes del mundial para entrar y 15 días después del mundial para salir después el gobierno no es responsable de lo que les pase,
igual que en todos los países que pena,
osea si hay tecnología y dinero para cuidar a extranjeros pero para proteger en méxico a los mexicanos nadota,
presidente pon tu denuncia,
quieren tapar lo que no se puede ocultar todo lo que pasa a diario,
por que no usan ese despliegue para pelear contra los narcos,
por qué tik tok no nos deja hacer repost,
y así claudia dice que no vean tv azteca más bien no quiere que vean sus errores cómo líder,
no me gusta el gobierno gasta millones en un torneo que nisiquiera vamos a ganar me da risa,
es una burla para las y los mexicanos,
ojalá así fuera la seguridad y compromiso siempre no cabe duda que a este gobierno el pueblo le malo,
y estados unidos no se lo van a quitar esta en plena guerra,
nadie deberia comprar esos boletos tan caros no lo valen,
proteger a méxico durante el mundial chale bro está claro que no merecemos ser una sede del mundial,
con el estado sinaloa ya se demostró que méxico es un país fallido,
peña nieto trajo el mundial,
nos traicionó el sistema,
y cuando nos van a proteger a nosotros,
y q podrian hacer decir no al mundial y seguir como siempre,
seguridad gobierno solo seguridad esto está de terror ya no vive uno ya no disfruta uno asus hijos ya solo trae uno temor en que si regresará así balla a la esquina nuestros hijos me entristece muchisimo,
che gobierno hipócrita,
mejor que se use el dinero para buscar a los desaparecidos,
bien por uds padres y madres valientes dios los cuide y proteja,
q selo quiten me da risa,
mexico vs mexico me da risa,
espero encuentren pronto a sus seres queridos,
interactuando,
eso tendria que ser siempre no solo por el mundial,
el turismo también aporta fortalece la economía es obvio que debe ser seguro porque criticamos todo,
se me hizo un nudo en la garganta un abrazo a los familiares desde venezuela me gusta,
solo para el mundial después seguirá la carnicería,
y por que no han aplicado ese plan para proteger a los mexicanos,
lemus preocúpate por el pueblo,
y si mejor nos protegen a nosotros me da risa,
interactuando para que se haga viral,
si se puede cambiar esto es un ejemplo vamos méxico ojalá quedo esa vigilancia permanentemente,
en méxico no existe la delincuencia y menos la desaparición recuerden que es desaparición voluntaria así como dice su presidenta no nos olvidemos de los que nos faltan,
con ese plan se dan cuenta que si tienen todos los recursos para la seguridad pero no lo hacen,
por qué los gobiernos de colombia y mexico se parecen tanto,
combatir el narco nehhh proteger a weyes pateando un balón tráete a x force y hasta batman,
bienvenidos a la realidad que kukulkán ni que uds son los verdaderos titi capy del crimen organizado son una cofradía de mafiosos y corruptos,
proteger a los mexicanos proteger a los turistas,
nada que ver una cosa con la otra,
boicoteen el mundial,
es algo stpido que gasten más en un juego que en algo que importe,
este gobierno es una mierda pura mierda,
manguito me da risa ifusión difusión difusión difusión difusión difusión difusión difusión difusión difusión difusión difusión difusión difusión difusión difusión difusión difusión difusión difusión difusión difusión difusión difusión difusión difusión difusión difusión difusión difusión difusión difusión difusión difusión difusión difusión difusión difusión difusión difusión difusión difusión difusión difusión difusión difusión difusión difusión difusión difusión difusión difusión difusión difusión difusión difusión difusión difusión difusión difusión difusión difusión difusión difusión difusión difusión difusión difusión difusión difusión difusión difusión difusión difusión difusión difusión difusión difusión difusión difusión difusión difusión difusión difusión difusión difusión difusión difusión difusión difusión difusión difusión difusión difusión difusión difusión difusión difusión difusión difusión difusión difusión difusión difusión difusión difusión difusión difusión difusión difusión difusión difusión difusión difusión difusión difusión difusión difusión difusión difusión difusión difusión difusión difusión difusión difusión difusión difusión difusión difusión difusión difusión difusión difusión difusión difusión difusión difusión difusión difusión difusión difusión difusión difusión difusión difusión difusión difusiónj difusión difusión,
a pero a los mexicanos que pagamos sus sueldos con nuestros impuestos que nos sigan desapareciendo y desviviendo fuera este gobierno corrupto,
no soy de méxico pero como que hay más enfoque en el mundial que en su gente,
pongan a kukulkán pero en todo méxico si pueden hacer eso por qué no por los mexicanos me da risa,
la fifa deberían de suspender el mundial en méxico,
too late ya se canceló mi viaje a mx y no pienso volver a pasar por la incertidumbre de si habrá balacera o no,
no queremos mundial queremos que los desaparecidos regresen a casa,
y los 130 millón es pa cuando a ya me acorde nosotros no dejamos millones de,
la verdad para que queremos un mundial si la selección mexicana no va a ganar el mundial,
que se cancele el mundial en mexico detodosmodos nunca ganamos,
no vean tv azteca,
protegenbal turista pero no al pueblo,
pero ellos no tienen la culpa,
ojalá y esos operativos se hicieran contra el narco,
superhipo35 prefiero un méxico sin desaparecidos que un mundial espero que puedan encontrarlos y los familiares tengan paz,
pero protesten,
entonces la seguridad es cuestión de voluntad,
de burla,
si así nos cuidaran a los mexicanos,
mientras tanto en los lugares que no vamos a recibir mundial vamos a estar bien desprotegidos,
me dueles mexico me entristece mucho,
pues chad no,
para la seguridad durante la copa del mundo osea que los demás dias de año les vale vrg,
méxico no merece el mundial de fútbol,
que tristeza que para los desaparecidos no exista el más mínimo interés por parte del gobierno me entristece,
hablando mucho de méxico y un pais vecino esta en guerra,
pobres papás,
que guerreros luchadores dios los bendiga y los proteja encuentren a sus desaparecidos amén,
estamos con ustedes,
mis oraciones para mexico y todos los padres que buscan a sus seres queridos,
creo que como ciudadanos deberíamos demostrar indiferencia ante el mundial no participar en los eventos no gastar en absoluto nada con refente al mundial,
asta los carteles los van a cuidar verdad narco gobierno,
yo no veo gente levantando la voz pero si preocupados por los artistas,
entonces sí tiene el gobierno la capacidad para desplegar un plan estratégico para brindar seguridad a las personas pero sólo lo usarán para el mundial,
esque el gobierno es parte de los desaparecidos,
y porque no lo han hecho en contra del narco y se hubieran perdido vidas de la guardia nacional,
díganle a claudia q es la responsable,
y si hay coches bombas como ya lo han hecho ahí también sabrán que es un coche bomba o como,
el plan kukulcán decirle a sus amigos la maña que no hagan desmadre mientras está el mundial,
súper buena idea este país no es perfecto como lo quiere pintar la presidena,
no puede ni con los que vivimos en méxico menos con millones de turistas me da risa,
jajajjajajjajs,
este wey ya me da risa me da risa muchisimo,
a los gobiernos no les importa ni el fútbol ni los jugadores solo les importa tener una cortina de humo,
ni que regalen pasajes estadias comidas traslados y las entradas voy a méxico,
wow y proteger a méxico siempre se les olvida,
suena muy bonito ojalá así combatieran a la delincuencia organizada,
justo acabo de escuchar un episodio de pepe y chema donde dicen que las fiscalías no tienen dinero para hojas para imprimir o tinta para los archivos que necesitan o al menos esa es la excusa que dan,
que se cancele el mundial,
plan kukulcán cagarla más,
interactuemos,
ósea solo pretegen extranjeros pero a nosotros los mexicanos nooooo,
podría no haber asientos vacíos en el mundial pero sí hay casas familias que tienen una silla de su comedor vacía y un estadio lleno no significa nada a comparación de eso,
méxico ni estados unidos merecen ser sede,
osea van a cuidar el mundial en méxico y no a sus ciudadanos x estar los cuerpos policíacos muy ocupados,
nunca olviden a sus hijos,
entiendo la rabia a todos nos urge esa seguridad a diario pero el plan ese no es un regalo para los turistas es un requisito legal de la fifa si méxico no cumple nos quitan el evento y perdemos la inversión de nuestros impuestos pasó igual en brasil en rusia y en qatar es logística pura no preferencia,
es sabido que los gobiernos gastan mucho dinero para promocionar su imagen y logros desgraciadamente las personas desaparecidas no son negocio que es lo que ahorita quieren tener por el mundial,
la gente que se queja del mundial como si el mundial tuviera la culpa la culpa la tiene el gobierno y aparte casi todo el mundial se jugará en usa y canadá,
deberian cambiar la sede por inseguridad,
claudia dice que méxico súper bien,
cancelen el mundial,
para que no lo quiten el mundial que burla me da risa mucho,
dios los bendiga e ilumine su camino,
en la cara del mexicano se burlan los del gobierno morena,
que peligro ir a méxico este va a ser el peor mundial de todos,
están diciéndo que para extranjeros si hay seguridad pero para los mexicanos nuncaaa,
exacto,
recordar que los desaparecidos también son mexicanos me entristece,
solo la gente entenderá cuando le pase a un familiar tristemente,
haber el gobierno no destina ya dinero para la realización del mundial eso lo hace la federación de fútbol y los empresarios dos existen fiscalias especializadas en ese tema,
y eso porque no lo hicieron con carlos manzo,
esto debe de ser todos los días no solo por el evento,
cancelen el mundial en méxico,
no al mundial me enoja muchisimo,
no pueden proteger a los mexicanos ahora quieren proteger todo un evento con extranjeros el gobierno solo quiere aparentar un bien que no es,
quieren proteger a gente de fuera para un mundial pero a su gente no,
dios mío tantas personas desaparecidas que triste de verdad,
no queremos mundial queremos justicia,
buen maquillaje para el espectáculo mientras tanto que continúen los juegos del hambre,
que cancelen el mundial,
y si hacemos el plan kukulkán permanente y no nada más en el mundial,
soy peruano y ni así pienso ir,
esos mundiales funcionan x tantos corruptos y x las personas aficionadas eso ya no ayuda en nada,
oigan una pregunta en mi tierra también ay desaparecidos pero andan con esa propaganda sirve de algo pregunto,
pq no ponen los letreros tmb en inglés para q los turistas entiendan q hay mucho mas cosas que cosas culturales en méxico,
y por que no dejan el plan kukulkan de manera permanente para todos los ciudadanos mexicanos,
que triste esa seguridad la necesita culiacan guanajuato jalisco y sobretodo las madres buscadores es que méxico esta así porque quiere,
apoyo para los padres y madres que buscan a sus hij s,
no al mundial,
no entendí por que lo sacá si no a se nada los papeles ahí,
la presidenta ya abrió una carpeta de investigación,
ya no miren tv azteca,
necesitamos mundiales las 24 horas de por vida en mexico,
y los padres en casa qué hacemos por educar a nuestros hijos todo se lo queremos dejar a los gobiernos si nosotros no podemos con uno o dos hijos menos el gobierno no va a poder con millones,
donde seles puede donar para los recursos que necesiten,
me estás diciendo que se tiene que hacer todo eso para que se pueda jugar en paz un mundial allí,
manguito me da risa ifusión difusión difusión difusión difusión difusión difusión difusión difusión difusión difusión difusión difusión difusión difusión difusión difusión difusión difusión difusión difusión difusión difusión difusión difusión difusión difusión difusión difusión difusión difusión difusión difusión difusión difusión difusión difusión difusión difusión difusión difusión difusión difusión difusión difusión difusión difusión difusión difusión difusión difusión difusión difusión difusión difusión difusión difusión difusión difusión difusión difusión difusión difusión difusión difusión difusión difusión difusión difusión difusión difusión difusión difusión difusión difusión difusión difusión difusión difusión difusión difusión difusión difusión difusión difusión difusión difusión difusión difusión difusión difusión difusión difusión difusión difusión difusión difusión difusión difusión difusión difusión difusión difusión difusión difusión difusión difusión difusión difusión difusión difusión difusión difusión difusión difusión difusión difusión difusión difusión difusión difusión difusión difusión difusión difusión difusión difusión difusión difusión difusión difusión difusión difusión difusión difusión difusión difusión difusión difusión difusión difusión difusión difusión difusión difusión difusión difusión difusiónj difusión difusión,
me da risa ifusión difusión difusión difusión difusión difusión difusión difusión difusión difusión difusión difusión difusión difusión difusión difusión difusión difusión difusión difusión difusión difusión difusión difusión difusión difusión difusión difusión difusión difusión difusión difusión difusión difusión difusión difusión difusión difusión difusión difusión difusión difusión difusión difusión difusión difusión difusión difusión difusión difusión difusión difusión difusión difusión difusión difusión difusión difusión difusión difusión difusión difusión difusión difusión difusión difusión difusión difusión difusión difusión difusión difusión difusión difusión difusión difusión difusión difusión difusión difusión difusión difusión difusión difusión difusión difusión difusión difusión difusión difusión difusión difusión difusión difusión difusión difusión difusión difusión difusión difusión difusión difusión difusión difusión difusión difusión difusión difusión difusión difusión difusión difusión difusión difusión difusión difusión difusión difusión difusión difusión difusión difusión difusión difusión difusión difusión difusión difusión difusión difusión difusión difusión difusión difusión difusión difusión difusión difusión difusión difusión difusión difusión difusión difusión difusión difusión difusión difusiónj difusión difusión,
realidad tan triste que vivimos,
prefiero un méxico sin desaparecidos que un mundial espero que puedan encontrarlos y los familiares tengan paz,
la presidente ya pactó tregua con su socio el narco,
y porque toda esa fuerza y seguridad no la usan también para limpiar a cada estado y al país del crimen organizado,
no queremos mundial me enoja,
híjole va a pasar lo mismo que tlatelolco eh,
y si exigimos que no sea lo del mundial,
un abrazo a las familias apoyemos para que se hagan virales y los escuchen me entristece mucho,
solo durante la copa ah que fregon me enoja,
dios los cuide y proteja ojalá que pronto encuentren a sus seres queridos,
si no hay paz para la gente que no haya paz para el gobierno,
canada en crisis estados unidos en guerra méxico también en guerra pero interna,
y si lo hacen el plan de seguridad todo el año no llámame loco,
hoy hablamos de fútbol,
nadie entiende este dolor hasta que lo vive en carne propia para los que prefieren el mundial y defienden la propaganda deseo que nunca tengan que pasar por una situación de un familiar conocido o amigo desaparecido porque cuando pasa ya no existe la paz ni para dormir,
no queremos mundial queremos seguridad y paz,
y le pusieron kukulkan me da risa muchisimo,
no queremos mundial me enoja,
por qué no dices el contexto quien negoció y firmó el contrato para el mundial fue el prian,
este mundial está maldito ya verán lo q está x venir,
alv el mundial queremos seguridad,
es verdad,
que ése tipo de seguridad sea para todo el país y permanente,
se lo ban a quitar a méxico por el narco pero no a usa por literal estar en gerra me da risa,
es una maldad que hagan este tipo de cosas con las familias que buscan a sus seres queridos,
ideas caminar el dia del mundial en jalisco,
estan marcando una diferencia y que tristeza que tantas familias sigan llorando por su desaparecido,
y se acaba el mundial y todo vuelve a lo mismo,
fuerza a las familias,
lo que acabo de llorar con este video,
hagamos una marcha el día del mundial,
como dicen solo barres tu casa cuando vienen visitas,
me dolió en el alma al escuchar para cuidar a los extranjeros asi nuestro país se preocupan por su gente me entristece,
te odio te odio con todo mi ser gobierno de méxico,
o sea que si se puede acabar la inseguridad en culiacan pero no quieren,
ojalá no se haga ese mundial,
me da risa alch qpdo porque solo cuando viene gente externa y no lo dejan para proteger a los mismos mexicanos vlv,
se hará el mundial duele todo pero esto ya está también hecho,
no pues ir que no hacen eso no solo durante el mundial,
no queremos mundial queremos seguridad para el pias y nosotros los mexicanos vivamos en paz me enoja mucho,
la verdad es admirable el coraje y determinación de todas estas familias,
yo si estoy en contra del mundial hay temas de seguridad y salud que son mas importantes,
que horrible realidad,
poca vergüenza quien pagamos impuestos munde que me sirve,
deberían de quitarle el mundial a estados unidos loreto,
una manifestación grande el día del mundial,
no es verdaaaad no vayaaaaan,
no queremos el mundial en méxico no queremos el mundial en jalisco,
ah entonces si se puede dar seguridad pero no para nosotros que interesante,
15 días después que nos lleve la porra a todos méxico igual de inseguro,
el mundial no trae ningún beneficio al país anfitrión solo hay que investigar el desastre que ocurrió en cada país anfitrión del mundial,
no hay seguridad para nosotros los mexicanos cómo quieren asegurar a los extranjeros,
así pongan un millón de agentes de nada sirve si todos son corruptos,
me da risa se pasan es mejor proteger a los turistas no,
camila te seguimos buscando,
lamentablemente así es gastan en cosas que ni al caso y nosotros que tenemos un desaparecido ni nos voltean a ver me entristece,
mas de 23000 millones gastados y mal gastados,
tampoco estados unidos es seguro con sus guerras,
justicia,
alcemos la voz,
ojalá todos pudieran regresar con bien a su casa,
espero puedan encontrar cada una de las familias a sus desaparecidos y el apoyo total,
esto es importante que escuchen todos los gobiernos y los pueblos las personas son importantes,
presiento que algo muy malo pasara yo no iría a ningún estadio a andaría en las calles en esas fechas,
pero la presidenta dice que todo esta excelente y nada de esto pasa,
este problema tiene años y el gobierno no muestra acciones por colaborar de manera efectiva en la búsqueda de personas desaparecidas miran hacia otro lado y con el mundial encima menos atenderán esta necesidad que debe ser prioritaria mis mejores deseos para que encuentren a sus familiares desaparecidos,
pan y circo control me entristece,
plan kukulkán es todo el año no solo en mundial,
justicia,
no estamos en contra del mundia,
yo si quiero el mundial pero creo que no se debió a ver aceptado el torneo ya que ahorita hay demasiados desaparecidos,
eso significa después del mundial seguiremos igual o peor me gusta,
y aparte el gobierno gastando millones para los 2 3 partidos pedorros que van a tener,
señor porque no decían nada antes porque haora me enoja mucho,
muy cierto no se dan de cuenta que hay realmente prioridades me entristece mucho,
el bicho campeón,
pues no es culpa de los que traen los mundiales si no de la gente que asiste a los partidos sin ellos no habría mundial,
superhipo35 prefiero un méxico sin desaparecidos que un mundial espero que puedan encontrarlos y los familiares tengan paz,
el sipisapo de seguridad,
brkn void me da risa ifusión difusión difusión difusión difusión difusión difusión difusión difusión difusión difusión difusión difusión difusión difusión difusión difusión difusión difusión difusión difusión difusión difusión difusión difusión difusión difusión difusión difusión difusión difusión difusión difusión difusión difusión difusión difusión difusión difusión difusión difusión difusión difusión difusión difusión difusión difusión difusión difusión difusión difusión difusión difusión difusión difusión difusión difusión difusión difusión difusión difusión difusión difusión difusión difusión difusión difusión difusión difusión difusión difusión difusión difusión difusión difusión difusión difusión difusión difusión difusión difusión difusión difusión difusión difusión difusión difusión difusión difusión difusión difusión difusión difusión difusión difusión difusión difusión difusión difusión difusión difusión difusión difusión difusión difusión difusión difusión difusión difusión difusión difusión difusión difusión difusión difusión difusión difusión difusión difusión difusión difusión difusión difusión difusión difusión difusión difusión difusión difusión difusión difusión difusión difusión difusión difusión difusión difusión difusión difusión difusión difusión difusión difusión difusión difusión difusión difusión difusiónj difusión difusión,
mucho activismo en los comentarios pero la mayoría compraron los álbumes qué es una ganancia para ellos y van hasta endeudarse alguno para ir al mundial,
no pueden protegernos a nosotros ah pero que tal a los visitantes es una burla más me da risa mucho,
entonces solo habrá seguridad por el mundial me entristece,
que triste que solo por presión extranjera este gobierno mediocre haga lo que tiene que hacer,
aquí en méxico se preocupa más por pendejadas como el mundial que por las cosas que verdaderamente importa a si es méxico,
es ridículo que solo por el mundial desplieguen tanta seguridad así eso debió haber sido hace años y siempre,
no pues entonces que nunca se vayan los turistas caray para estar más protegidos,
wey y porque no ablas de eeuu de nada,
se dan cuenta que eso lo podrían hacer sin el mundial y no lo hacen,
a la muy malo el mundial,
dos puntos el primero hagan una manifestación durante los partidos del mundial afuera de los estadios en las zonas donde habrá pantallas para ver los partidos y etc habrá medios de todo el mundo y gente de muchos países que posiblemente lleguen a grabar y se haga noticia mundial cierren también algunas calles para hacer más tardado el acceso a los partidos asi podrán ser más escuchados y tendrán la ayuda que necesitan segundo punto la mayoría del dinero invertido para remodelaciones decoraciones etc es por parte de la fifa el gobierno solo pone una pequeña parte realmente el gobierno si quisiera ayudar ya hubiera destinado más fondos a eso pero simplemente no quiere amo el fútbol y estoy a favor del mundial pero sinceramente no sería lo mismo si mi madre me gusta hermana o amigos no estuvieran para verlo a mi lado ojalá que encuentren a sus familiares y que vivan en paz esperemos que sean escuchados y que el gobierno haga algo,
es más importante el mundial,
y mas de 200 mdp en remodelacion en jalisco que tristeza,
que hagan su trabajo no mundial tantas carencias necesidades para el mundial deberían plantarse en los estadios lo familiares de desaparecidos en protesta para que el mundo se de cuenta de lo que se vive,
los que vallan a mexico,
pues que no se pierdan y ya,
se nota el dolor en sus palabras perder un familiar debe ser terrible espero algún día aparezcan me gusta me entristece,
como me dueles méxico me entristece mucho,
difusión difusión difusión difusión difusión difusión difusión difusión difusión difusión difusión difusión difusión difusión difusión difusión difusión difusión difusión difusión difusión difusión difusión difusión difusión difusión difusión difusión difusión difusión difusión difusión difusión difusión difusión difusión difusión difusión difusión difusión difusión difusión difusión difusión difusión difusión difusión difusión difusión difusión difusión difusión difusión difusión difusión difusión difusión difusión difusión difusión difusión difusión difusión difusión difusión difusión difusión difusión difusión difusión difusión difusión difusión difusión difusión difusión difusión difusión difusión difusión difusión difusión difusión difusión difusión difusión difusión difusión difusión difusión difusión difusión difusión difusión difusión difusión difusión difusión difusión difusión difusión difusión difusión difusión difusión difusión difusión difusión difusión difusión difusión difusión difusión difusión difusión difusión difusión difusión difusión difusión difusión difusión difusión difusión difusión difusión difusión difusión difusión difusión difusión difusión difusión difusión difusión difusión difusión difusión difusión difusión difusión difusión difusión difusión difusión difusión difusión difusiónj difusión difusión,
en estos momentos el mundial es importante,
se me apachurra el corazón me entristece,
si debemos estar en contra del mundial es un gasto innecesario para el mundo mientras hay temas como este que realmente si importan,
que dios me gusta les bendiga y logren encontrar a sus hijos,
no bueno el pan naranja fue lo mismo q fox anunciando un cambio real pero realmente dió atole con el dedo fuerza hermanos jaliscienses,
que triste saber que el gobierno no le interesa su país,
cómo romperme el corazón en segundos nuestros desaparecidos muchos jugaban fútbol,
queeeee,
la gran mayoría de investigación es privada el gobierno solo gasta en remodelasion pública pero ese es su trabajo,
o sea pero por qué todo lo quieren hacer el mero día del mundial ay no dios mío con esta gente deje en el mundial en paz déjenos disfrutar el fútbol déjenos disfrutar algo que nos gusta,
ahhh o sea que si pueden fortalecer la seguridad pero no quieren,
y solo para el mundial,
sigan votando por morena mexico no importa el mundial si,
falta cumplirle a los campesinos si no van a cancelar el mundial,
es que no lo entenderías son cosas diferentes,
a mí me contestaron muchos que ellos si quieren mundial es decepcionante,
pueden proteger a todos menos a los mexicanos,
esto deberían de hacer todos los días sin mundial para proteger a su país,
se necesitan al menos 9 palabras una coma y un punto para que tu comentario cuente así que copia y pega,
que impotencia me entristece,
a quien le importa el mundial ahorita,
difusión difusión difusión difusión difusión difusión difusión difusión difusión difusión difusión difusión difusión difusión difusión difusión difusión difusión difusión difusión difusión difusión difusión difusión difusión difusión difusión difusión difusión difusión difusión difusión difusión difusión difusión difusión difusión difusión difusión difusión difusión difusión difusión difusión difusión difusión difusión difusión difusión difusión difusión difusión difusión difusión difusión difusión difusión difusión difusión difusión difusión difusión difusión difusión difusión difusión difusión difusión difusión difusión difusión difusión difusión difusión difusión difusión difusión difusión difusión difusión difusión difusión difusión difusión difusión difusión difusión difusión difusión difusión difusión difusión difusión difusión difusión difusión difusión difusión difusión difusión difusión difusión difusión difusión difusión difusión difusión difusión difusión difusión difusión difusión difusión difusión difusión difusión difusión difusión difusión difusión difusión difusión difusión difusión difusión difusión difusión difusión difusión difusión difusión difusión difusión difusión difusión difusión difusión difusión difusión difusión difusión difusión difusión difusión difusión difusión difusión difusiónj difusión difusión,
dios nos bendiga,
manguito me da risa ifusión difusión difusión difusión difusión difusión difusión difusión difusión difusión difusión difusión difusión difusión difusión difusión difusión difusión difusión difusión difusión difusión difusión difusión difusión difusión difusión difusión difusión difusión difusión difusión difusión difusión difusión difusión difusión difusión difusión difusión difusión difusión difusión difusión difusión difusión difusión difusión difusión difusión difusión difusión difusión difusión difusión difusión difusión difusión difusión difusión difusión difusión difusión difusión difusión difusión difusión difusión difusión difusión difusión difusión difusión difusión difusión difusión difusión difusión difusión difusión difusión difusión difusión difusión difusión difusión difusión difusión difusión difusión difusión difusión difusión difusión difusión difusión difusión difusión difusión difusión difusión difusión difusión difusión difusión difusión difusión difusión difusión difusión difusión difusión difusión difusión difusión difusión difusión difusión difusión difusión difusión difusión difusión difusión difusión difusión difusión difusión difusión difusión difusión difusión difusión difusión difusión difusión difusión difusión difusión difusión difusión difusión difusión difusión difusión difusión difusión difusiónj difusión difusión,
que triste me entristece mucho,
osea que si hay seguridad pero no para el mexicano,
el gobierno protegiendo el mundial a toda costa pero no a los propios mexicanos me da risa,
interactuando,
no necesitamos un mundial necesitamos justicia y seguridad,
méxico no necesita un mundial necesitamos un mejor país,
deberia existir una plataforma de fácil acceso que diera nombre del desaparecido y estatus oficial emitido por el organismo que atiende este delito,
sugar coffee gaby s gf valex beatrice manguito me da risa ifusión difusión difusión difusión difusión difusión difusión difusión difusión difusión difusión difusión difusión difusión difusión difusión difusión difusión difusión difusión difusión difusión difusión difusión difusión difusión difusión difusión difusión difusión difusión difusión difusión difusión difusión difusión difusión difusión difusión difusión difusión difusión difusión difusión difusión difusión difusión difusión difusión difusión difusión difusión difusión difusión difusión difusión difusión difusión difusión difusión difusión difusión difusión difusión difusión difusión difusión difusión difusión difusión difusión difusión difusión difusión difusión difusión difusión difusión difusión difusión difusión difusión difusión difusión difusión difusión difusión difusión difusión difusión difusión difusión difusión difusión difusión difusión difusión difusión difusión difusión difusión difusión difusión difusión difusión difusión difusión difusión difusión difusión difusión difusión difusión difusión difusión difusión difusión difusión difusión difusión difusión difusión difusión difusión difusión difusión difusión difusión difusión difusión difusión difusión difusión difusión difusión difusión difusión difusión difusión difusión difusión difusión difusión difusión difusión difusión difusión difusiónj difusión difusión,
asi nos deberían de proteger a todos los mexicanos que vistamos a nuestro país,
solo por el mundial los demás días los mexicanos pueden buscar su propia seguridad y aún así hay gente que piensa que la 4t es lo mejor,
que lo quiten que lo quiten,
proteger a los extranjeros proteger a los mexicanos,
hay que reforzar esas pegas los días de mundial,
bueno y ahora con la guerra de eeuu vs iran apoco no hay miedo en ir a ver el mundial ahi tambien,
todo sea por los extranjeros y que a los mexicanos nos cargue la chingasa,
aun asi mexico no es seguro mundial cancelado,
no están solos papás,
no queremos mundial,
sigan alzando la voz,
ya cancelen el mundial,
y porque no hacen eso a diario en méxico osea solo por qué será el mundial,
me encanta el futbol y espero con ansias que empiece el mundial pero deseo que los mexicanos se hagan muuuy presentes el día de la inauguración afuera del azteca es la oportunidad perfecta para que el mundo sepa lo que vivimos,
noalmundial me enoja muchisimo,
dijo el ciego lla beremos si la misma corrumcion esta en la misma ley,
y por qué no asen un plan para la seguridad de los mexicanos que burla de este gobierno con sus ciudadanos,
0,
estamos con ustedes,
entnsses los mexicanos no importan k rraros estos goviernos,
justicia me gusta,
si que el mundial se suspenda en mexico,
todavía se pueden hacer escuchar cerrar las vialidades los días que habrá juego en la ciudad tanto para jugadores como en general sería un foco de exposición global para ejercer algo de presión,
más gusto me dará cuando méxico haga el ridículo en el mundial me encanta el fútbol pero jamás será más importante que situaciones como esta,
mi profundo respeto empatía que puedan dar con sus familiares y puedan dar fin a su pesar,
osea si hay seguridad pero solo para lo q les conviene,
y para cuándo él plan para proteger a los mexicanos,
por qué no hay empatía,
no queremos mundial primero lo primero,
reforzar la seguridad porque es tu trabajo que el país sea seguro reforzar la seguridad para que no te quiten el mundial que solo beneficia a millonarios,
lamentable vivimos en un mundo capitalista no todo puede ser bonito y correcto y aun más con la corrupción son cosas que la única forma de corregir es revivir como una sociedad mejor,
paz primero y luego mundial,
si el gobierno quisiera combatir a los cárteles si podría hacerlo con este despliegue lo están demostrando lo que pasa es que no quieren combatirlos,
no queremos mundial queremos justicia,
hoooorale señor omar y porque no nos hace un plan kukulkan para los mexicanos también porfis me da risa,
yo voto porque kukulcán se quede después del mundial en jalisco hasta que jalisco sea seguro y libre,
interacturando,
pero que gobierno tan descarado no tienen un plan para proteger a su propia gente y si prometen proteger a los extranjeros por dios,
ósea que si protegen a los extranjeros y a los mexicanos ni los quieren apoyar,
y por qué no hacen ese plan para limpiar méxico no solo por un show,
que se cancele,
no quieren perder el circo me da risa muchisimo,
interactuando,
interactuando,
eso está muy tarde debieron haber iniciado hace 7 años pero no eran abrazos y no balazos,
ósea que siempre pudieron dar seguridad como en el salvador pero no querían,
no sé vale que le pongas más atención ahora que no está que cuando lo tenías a tu lado,
y por qué no despliegan eso permanentemente,
necesitamos seguridad y a todos los mexicanos que se unan y digan no al mundial me enoja mucho,
osea que nos mienten si pueden defender extranjeros pero no nos pueden defender a los mexicanos,
si supieran que el estadio es un panteón mexico es una fosa gigante,
los apoyo y espero tengan una esperanza de encontrar a sus seres queridos de corazón espero los encuentren y el mundial que se valla alv,
osea que el gobierno de méxico solo puede aplicar un plan como este cuando le van a quitar del torneo de la copa del mundo y no en el ámbito diario,
sarai bautista acost brkn void me da risa ifusión difusión difusión difusión difusión difusión difusión difusión difusión difusión difusión difusión difusión difusión difusión difusión difusión difusión difusión difusión difusión difusión difusión difusión difusión difusión difusión difusión difusión difusión difusión difusión difusión difusión difusión difusión difusión difusión difusión difusión difusión difusión difusión difusión difusión difusión difusión difusión difusión difusión difusión difusión difusión difusión difusión difusión difusión difusión difusión difusión difusión difusión difusión difusión difusión difusión difusión difusión difusión difusión difusión difusión difusión difusión difusión difusión difusión difusión difusión difusión difusión difusión difusión difusión difusión difusión difusión difusión difusión difusión difusión difusión difusión difusión difusión difusión difusión difusión difusión difusión difusión difusión difusión difusión difusión difusión difusión difusión difusión difusión difusión difusión difusión difusión difusión difusión difusión difusión difusión difusión difusión difusión difusión difusión difusión difusión difusión difusión difusión difusión difusión difusión difusión difusión difusión difusión difusión difusión difusión difusión difusión difusión difusión difusión difusión difusión difusión difusiónj difusión difusión,
tiene tiempo para planear proteger extranjeros pero no pueden combatir el narco,
o sea que si es posible vivir en un méxico seguro solo que tienen que quedar bien con todo el mundo menos con su pueblo órale,
ojalá cancelen el mundial,
ajá los extranjeros bien protegidos y bien asustados,
pablo lemus con mucho coraje para ti,
y después del mundial que nos lleve la vrg,
el prian firmó los acuerdos del mundial y movimiento ciudadno es lo mismo,
y si contratan mejor a nayib bukele,
ósea que si podían y no querían,
no pos ojalá todos los días haya mundial porque solo así hacen algo,
gracias sheinbaum,
se ven bien piratas nuestros aviones la vdd,
nos queda claro que a este gobierno no le interesa protegernos,
pero la presidenta dice que no pasa nada,
que vergüenza para los mexicanos y porq no degan esa seguridad por siempre ósea q si se puede pero no quieren invertir en su pueblo,
pero el responsable del mundial el la presidencia no las gobernaturas,
y porque no aplican ese plan de manera permanente,
protegen a otros y no a su propia gente wow,
no queremos mundial queremos seguridad,
esto solo se dará por el mundial y por que esta actividad de seguridad no tenemos seguridad garantizada a mexico y los mexicanos,
y porque no protegen al país así normalmente osea si se puede pero solo para este evento y todo lo de más del año nos fre mos todos,
no pueden evitar los asaltos afuera del foro sol estadio gnp y así quieren cuidar a los turistas y asistentes al mundial por dios,
que le quiten la sede,
interactuando,
pero si lemus dice que no hay suficiente personal policial por eso vallarta terminó así pero para los turistas si va a haber personal,
30 días de seguridad en méxico hay de disfrutarla porque no lo volveremos a ver hasta que tengamos otro mundial,
y por qué no despliega esa seguridad todos los días,
nada grita seguridad como estar constante rodeado de policías militares y guardia nacional no es una imagen muy acogedora y reconfortante,
que no se pierda esta publicación que de vuelta al mundo,
y si hacemos un mundial cada mes y así estamos protegidos todo el año,
lo que gastaron en traer el concierto de shakira y de los bts,
valex beatrice manguito me da risa ifusión difusión difusión difusión difusión difusión difusión difusión difusión difusión difusión difusión difusión difusión difusión difusión difusión difusión difusión difusión difusión difusión difusión difusión difusión difusión difusión difusión difusión difusión difusión difusión difusión difusión difusión difusión difusión difusión difusión difusión difusión difusión difusión difusión difusión difusión difusión difusión difusión difusión difusión difusión difusión difusión difusión difusión difusión difusión difusión difusión difusión difusión difusión difusión difusión difusión difusión difusión difusión difusión difusión difusión difusión difusión difusión difusión difusión difusión difusión difusión difusión difusión difusión difusión difusión difusión difusión difusión difusión difusión difusión difusión difusión difusión difusión difusión difusión difusión difusión difusión difusión difusión difusión difusión difusión difusión difusión difusión difusión difusión difusión difusión difusión difusión difusión difusión difusión difusión difusión difusión difusión difusión difusión difusión difusión difusión difusión difusión difusión difusión difusión difusión difusión difusión difusión difusión difusión difusión difusión difusión difusión difusión difusión difusión difusión difusión difusión difusiónj difusión difusión,
no al mundial,
y a nosotros cuando,
cuidan más alos extranjeros que asu propia gente gobierno hambriado y corrupto,
seguridad durante y porque no siempre,
haber cuantos turistas desaparecen durante el mundial,
pero la presidenta prefiere decir que no veamos tv azteca,
que triste así nos deberían cuidar a nosotros 15 días después volvemos a la realidad,
movimiento naranja nanana,
protegiendo a los de afuera y a las mujeres de mexico y los desaparecid s nada,
hagan estos videos con subtítulos en ingles para que otros paises se enteren,
no queremos un mundial queremos visibilidad y soluciones a cosas que realmente importan,
kukulkan van a llamar a namor,
plan khe,
pues lamento decirles que jamás los van a encontrar me da risa,
con esto demuestra que el gobierno si puede vs el narco solo qué no quieren,
ósea que si pueden pero no quieren,
o sea que si se puede proteger a los mexicanos solo que no lo quieren hacer,
no queremos mundial queremos 0 violencia 0 políticos corruptos,
mexicanos unidos jamás serán vencidos,
apollemos a estos padres y madres buscadoras dios los bendiga y los proteja,
interactuando,
ayúdenme a compartir,
seguridad para los extranjeros y a los ciudadanos mexicanos nada,
jordy q el mundial no trae ningún beneficio al país anfitrión solo hay que investigar el desastre que ocurrió en cada país anfitrión del mundial,
si ni con los suyos le importa ahora con turistas,
bueno siempre en un sistema capitalista el capital va a estar por arriba que los seres humanos y hoy la fifa soborna a gobiernos y gana millones exitos y esperemos que tengan buenos resultados,
nmmz llevan pidiendo más de 90 años seguridad nunca se va acabar la delincuencia me entristece,
así nos deberían de cuidar todos los días alos mexicanos,
espero que pueden encontrar finalmente a sus familiares o saber saber su destino fuerzas a las familias que están en la busca de encontrar respuestas mis condolencias y espero que pronto la gente pueda dar más visibilidad a toda está problemática que es hasta el día de hoy es difícil de mantener oculto ya que el sufrimiento no se olvida ni mucho menos de ve como algo vergonzoso de l país todos son importantes de igual manera que tiene personas que les importa tanto como mujeres y hombre esperopronto puedan ser ayudados con buena fé,
donde puedo donar para sus impresiones,
hay otros que nacen en méjico,
le pido a dios que todos ustedes encuentren a sus seres queridos,
la cosa debe estar grabe para invocar a kukulkán,
entonces siempre han podido,
osea están reconociendo que si pueden dar seguridad a méxico pero han escogido en no hacerlo todo este tiempo este régimen es una burla,
siga alzando la voz,
la vrda si me da vergüenza decir que soy de méxico we,
que así cuidaran a los mexicanos todos los días otra historia sería,
no ma si podían hacen eso porque no lo hicieron con nosotros,
todo eso deben usar para acabar con los carteles y cuidar a la ciudadanía siempre,
dios mio no puedo imaginar ese dolor me entristece mucho,
ya pactaron con el narco que no haga desmadre en las sedes,
osea tienen dinero para movilizar a tantos elementos de fuerzas de seguridad para un mundial y no para luchar contra el narco me da risa,
jaliscomajico,
botón de deseo que méxico no participe como sede del mundial,
3 mil millones en 3 focos esteticos en el metro no me gusta,
y la seguridad para la demás gente que,
creo que este mundial no va a ir mucha gente solo a canadá me da risa mucho,
ósea que si pueden brindar seguridad pero no les da la gana,
los mexicanos,
ojala el mundial durará para siempre,
yo soy de méxico y no vengan no le den dinero a este marco gobierno,
y quien pidió el mundial peña nieto xq las cedes se eligen con 8 años de anticipación,
mi total admiración y respeto hacía con ustedes por su persistencia y fuerza que dios les permita reunirse nuevamente con sus familiares,
no queremos mundial queremos paz,
que así se movieran pra acabar con la delincuencia en méxico y no nada más para un evento deportivo,
y por que lo tienen que hacer cuando va a estar un evento de talla mundial y no diariamente para los mexicanos,
seguridad para el turista y abrazos para los mexicanos,
así debería ser todos los días,
quieren hacer en meses lo que no han podido en años me da risa,
espero encuentren a sus hijos nadie debiera pasar por eso,
ojalá así nos cuidaran todo el tiempo para combatir,
no les va a funcionar nunca les funciona,
un aplauso para ustedes,
triste la situación de méxico,
no estamos encontra del mundial estamos encontra del olvido,
muy bien vergüenza es lo que no tiene el gobierno,
